East Midlands,East of England,London,North East,North West,South East,South West,West Midlands,Yorkshire and The Humber
0.0,0.0,0.0,0.0,0.0,1.0,0.0,0.0,0.0
0.0,0.0,0.0,0.0,0.0,1.0,0.0,0.0,0.0
0.0,0.0,0.0,0.0,0.0,1.0,0.0,0.0,0.0
0.0,1.0,0.0,0.0,0.0,1.0,0.0,0.0,0.0
0.0,1.0,0.0,0.0,0.0,1.0,0.0,0.0,0.0
0.0,1.0,0.0,0.0,0.0,1.0,0.0,0.0,0.0
0.0,1.0,0.0,0.0,0.0,1.0,0.0,0.0,0.0
0.0,1.0,0.0,0.0,0.0,1.0,0.0,0.0,0.0
0.0,1.0,0.0,0.0,0.0,1.0,0.0,0.0,0.0
0.0,1.0,0.0,0.0,0.0,1.0,0.0,0.0,0.0
0.0,1.0,0.0,0.0,0.0,1.0,0.0,0.0,0.0
0.0,1.0,0.0,0.0,0.0,1.0,0.0,0.0,0.0
0.0,1.0,0.0,0.0,0.0,1.0,0.0,0.0,0.0
0.0,1.0,0.0,0.0,0.0,1.0,0.0,0.0,0.0
0.0,1.0,0.0,0.0,0.0,1.0,0.0,0.0,0.0
0.0,1.0,0.0,0.0,0.0,1.0,0.0,0.0,0.0
0.0,1.0,0.0,0.0,0.0,1.0,0.0,0.0,0.0
0.0,1.0,0.0,0.0,0.0,1.0,0.0,0.0,0.0
0.0,1.0,0.0,0.0,0.0,1.0,0.0,0.0,0.0
0.0,1.0,0.0,0.0,0.0,1.0,0.0,0.0,0.0
0.0,1.0,0.0,0.0,0.0,1.0,0.0,0.0,0.0
0.0,1.0,0.0,0.0,0.0,1.0,0.0,0.0,0.0
0.0,1.0,0.0,0.0,0.0,1.0,0.0,0.0,0.0
0.0,2.0,0.0,0.0,0.0,1.0,0.0,0.0,0.0
0.0,2.0,0.0,0.0,0.0,1.0,0.0,0.0,0.0
0.0,2.0,0.0,0.0,0.0,1.0,0.0,0.0,0.0
0.0,2.0,0.0,0.0,0.0,1.0,0.0,0.0,0.0
0.0,2.0,0.0,0.0,0.0,1.0,0.0,0.0,0.0
0.0,2.0,0.0,0.0,0.0,1.0,0.0,0.0,0.0
0.0,2.0,0.0,0.0,0.0,1.0,0.0,0.0,0.0
0.0,2.0,0.0,0.0,0.0,1.0,0.0,0.0,0.0
0.0,2.0,0.0,0.0,0.0,1.0,0.0,0.0,0.0
0.0,3.0,0.0,0.0,0.0,1.0,0.0,0.0,0.0
0.0,3.0,0.0,0.0,0.0,1.0,0.0,0.0,0.0
0.0,3.0,1.0,0.0,0.0,1.0,0.0,0.0,0.0
0.0,3.0,1.0,0.0,0.0,3.0,0.0,0.0,0.0
0.0,4.0,2.0,0.0,0.0,3.0,0.0,0.0,0.0
0.0,4.0,2.0,0.0,0.0,3.0,0.0,0.0,0.0
0.0,4.0,2.0,0.0,1.0,3.0,0.0,1.0,0.0
0.0,5.0,4.0,0.0,1.0,4.0,0.0,2.0,0.0
0.0,6.0,5.0,0.0,1.0,4.0,0.0,3.0,0.0
1.0,7.0,7.0,0.0,2.0,4.0,1.0,4.0,0.0
2.0,7.0,13.0,0.0,2.0,4.0,1.0,8.0,0.0
3.0,9.0,19.0,0.0,5.0,6.0,1.0,10.0,0.0
3.0,9.0,29.0,0.0,8.0,9.0,2.0,12.0,0.0
3.0,10.0,37.0,1.0,12.0,16.0,3.0,16.0,2.0
7.0,12.0,52.0,1.0,14.0,25.0,5.0,24.0,4.0
8.0,14.0,78.0,1.0,20.0,32.0,7.0,32.0,6.0
12.0,15.0,106.0,1.0,26.0,45.0,10.0,41.0,8.0
15.0,21.0,137.0,1.0,35.0,54.0,14.0,49.0,9.0
21.0,23.0,187.0,4.0,43.0,70.0,17.0,68.0,11.0
25.0,31.0,243.0,7.0,56.0,85.0,25.0,85.0,13.0
37.0,43.0,306.0,13.0,73.0,116.0,31.0,108.0,15.0
47.0,55.0,375.0,17.0,93.0,143.0,42.0,137.0,21.0
64.0,78.0,473.0,19.0,115.0,174.0,49.0,167.0,28.0
76.0,100.0,608.0,25.0,137.0,213.0,59.0,212.0,36.0
94.0,136.0,754.0,33.0,171.0,261.0,68.0,267.0,52.0
118.0,173.0,909.0,46.0,214.0,314.0,80.0,326.0,72.0
147.0,214.0,1057.0,57.0,257.0,361.0,109.0,402.0,97.0
174.0,270.0,1232.0,66.0,319.0,426.0,137.0,479.0,129.0
201.0,326.0,1428.0,102.0,399.0,511.0,169.0,566.0,161.0
245.0,405.0,1667.0,132.0,480.0,597.0,194.0,681.0,203.0
295.0,489.0,1904.0,168.0,597.0,694.0,226.0,812.0,245.0
351.0,566.0,2159.0,209.0,731.0,797.0,260.0,949.0,300.0
413.0,657.0,2426.0,265.0,863.0,903.0,306.0,1051.0,365.0
487.0,740.0,2713.0,312.0,987.0,1048.0,366.0,1178.0,441.0
568.0,846.0,2986.0,363.0,1143.0,1184.0,422.0,1314.0,509.0
650.0,933.0,3259.0,421.0,1284.0,1324.0,479.0,1429.0,581.0
712.0,1062.0,3554.0,476.0,1476.0,1478.0,542.0,1541.0,664.0
793.0,1198.0,3881.0,535.0,1653.0,1640.0,622.0,1703.0,766.0
882.0,1313.0,4156.0,598.0,1819.0,1834.0,668.0,1832.0,866.0
960.0,1410.0,4397.0,677.0,1986.0,2008.0,759.0,1965.0,969.0
1046.0,1536.0,4646.0,750.0,2186.0,2179.0,834.0,2111.0,1046.0
1138.0,1680.0,4883.0,813.0,2392.0,2344.0,905.0,2249.0,1138.0
1212.0,1789.0,5111.0,864.0,2580.0,2503.0,966.0,2368.0,1225.0
1300.0,1886.0,5323.0,931.0,2775.0,2653.0,1027.0,2485.0,1318.0
1381.0,2000.0,5526.0,977.0,2965.0,2811.0,1093.0,2618.0,1427.0
1445.0,2118.0,5728.0,1024.0,3179.0,2988.0,1166.0,2749.0,1548.0
1532.0,2251.0,5898.0,1083.0,3340.0,3146.0,1248.0,2890.0,1664.0
1605.0,2353.0,6065.0,1152.0,3540.0,3284.0,1311.0,3013.0,1759.0
1685.0,2449.0,6221.0,1210.0,3670.0,3449.0,1385.0,3120.0,1860.0
1766.0,2551.0,6366.0,1262.0,3828.0,3631.0,1450.0,3226.0,1961.0
1825.0,2646.0,6508.0,1311.0,3967.0,3779.0,1524.0,3338.0,2059.0
1884.0,2750.0,6643.0,1364.0,4140.0,3928.0,1583.0,3437.0,2167.0
1956.0,2828.0,6763.0,1414.0,4295.0,4081.0,1644.0,3549.0,2259.0
2019.0,2929.0,6884.0,1451.0,4448.0,4234.0,1706.0,3635.0,2357.0
2076.0,3012.0,6963.0,1513.0,4568.0,4379.0,1760.0,3727.0,2436.0
2139.0,3095.0,7047.0,1561.0,4684.0,4500.0,1820.0,3834.0,2517.0
2203.0,3170.0,7121.0,1600.0,4804.0,4608.0,1888.0,3919.0,2608.0
2268.0,3257.0,7201.0,1650.0,4917.0,4715.0,1942.0,3985.0,2687.0
2332.0,3318.0,7277.0,1686.0,5036.0,4832.0,1995.0,4056.0,2789.0
2382.0,3398.0,7355.0,1733.0,5147.0,4919.0,2053.0,4124.0,2870.0
2441.0,3479.0,7415.0,1785.0,5243.0,5037.0,2089.0,4206.0,2947.0
2487.0,3525.0,7493.0,1841.0,5342.0,5121.0,2131.0,4277.0,3015.0
2537.0,3594.0,7551.0,1884.0,5442.0,5192.0,2169.0,4342.0,3077.0
2593.0,3643.0,7604.0,1918.0,5539.0,5274.0,2216.0,4412.0,3151.0
2641.0,3698.0,7656.0,1954.0,5628.0,5355.0,2264.0,4479.0,3212.0
2691.0,3755.0,7714.0,1990.0,5721.0,5426.0,2300.0,4535.0,3279.0
2734.0,3812.0,7767.0,2036.0,5818.0,5497.0,2341.0,4593.0,3348.0
2780.0,3855.0,7814.0,2072.0,5910.0,5574.0,2367.0,4644.0,3412.0
2824.0,3908.0,7844.0,2102.0,5977.0,5665.0,2404.0,4694.0,3473.0
2856.0,3952.0,7885.0,2129.0,6068.0,5725.0,2427.0,4741.0,3531.0
2892.0,3984.0,7930.0,2154.0,6132.0,5784.0,2446.0,4776.0,3571.0
2937.0,4029.0,7960.0,2177.0,6204.0,5851.0,2462.0,4819.0,3610.0
2959.0,4073.0,7985.0,2209.0,6262.0,5916.0,2487.0,4872.0,3659.0
2998.0,4120.0,8018.0,2240.0,6318.0,5981.0,2505.0,4913.0,3702.0
3026.0,4157.0,8044.0,2265.0,6390.0,6047.0,2520.0,4952.0,3753.0
3055.0,4194.0,8067.0,2300.0,6452.0,6099.0,2537.0,5003.0,3798.0
3077.0,4235.0,8089.0,2334.0,6497.0,6152.0,2557.0,5047.0,3833.0
3119.0,4276.0,8113.0,2372.0,6547.0,6208.0,2570.0,5092.0,3868.0
3153.0,4305.0,8140.0,2394.0,6611.0,6255.0,2589.0,5126.0,3908.0
3181.0,4356.0,8162.0,2414.0,6663.0,6307.0,2600.0,5156.0,3945.0
3213.0,4385.0,8184.0,2441.0,6718.0,6338.0,2619.0,5192.0,3980.0
3241.0,4412.0,8201.0,2460.0,6756.0,6386.0,2637.0,5216.0,4017.0
3275.0,4439.0,8214.0,2480.0,6806.0,6427.0,2651.0,5244.0,4045.0
3294.0,4469.0,8229.0,2498.0,6850.0,6463.0,2664.0,5267.0,4081.0
3319.0,4506.0,8243.0,2511.0,6894.0,6491.0,2683.0,5289.0,4119.0
3345.0,4532.0,8266.0,2537.0,6936.0,6533.0,2696.0,5325.0,4145.0
3368.0,4556.0,8280.0,2555.0,6977.0,6568.0,2710.0,5354.0,4180.0
3394.0,4589.0,8290.0,2574.0,7025.0,6601.0,2726.0,5378.0,4212.0
3411.0,4618.0,8301.0,2599.0,7060.0,6640.0,2738.0,5399.0,4239.0
3436.0,4635.0,8318.0,2613.0,7092.0,6668.0,2747.0,5414.0,4270.0
3458.0,4654.0,8330.0,2625.0,7117.0,6692.0,2759.0,5437.0,4296.0
3479.0,4671.0,8343.0,2636.0,7147.0,6719.0,2771.0,5455.0,4326.0
3493.0,4697.0,8358.0,2656.0,7183.0,6749.0,2778.0,5480.0,4357.0
3516.0,4716.0,8364.0,2668.0,7220.0,6775.0,2791.0,5498.0,4382.0
3535.0,4734.0,8375.0,2677.0,7253.0,6804.0,2799.0,5513.0,4403.0
3546.0,4757.0,8382.0,2692.0,7283.0,6831.0,2806.0,5531.0,4425.0
3569.0,4766.0,8385.0,2697.0,7314.0,6848.0,2811.0,5546.0,4446.0
3582.0,4779.0,8392.0,2708.0,7344.0,6868.0,2824.0,5561.0,4461.0
3603.0,4791.0,8401.0,2717.0,7377.0,6884.0,2829.0,5579.0,4480.0
3620.0,4804.0,8409.0,2727.0,7396.0,6907.0,2831.0,5595.0,4499.0
3634.0,4823.0,8416.0,2735.0,7426.0,6930.0,2838.0,5608.0,4520.0
3656.0,4827.0,8422.0,2742.0,7448.0,6946.0,2844.0,5614.0,4539.0
3677.0,4839.0,8432.0,2748.0,7471.0,6960.0,2850.0,5627.0,4556.0
3685.0,4845.0,8438.0,2752.0,7488.0,6981.0,2851.0,5635.0,4570.0
3698.0,4858.0,8447.0,2758.0,7509.0,6994.0,2856.0,5656.0,4588.0
3715.0,4867.0,8451.0,2760.0,7528.0,7006.0,2859.0,5668.0,4602.0
3728.0,4874.0,8455.0,2767.0,7552.0,7027.0,2867.0,5678.0,4611.0
3738.0,4886.0,8458.0,2769.0,7574.0,7044.0,2870.0,5688.0,4623.0
3752.0,4892.0,8458.0,2775.0,7590.0,7054.0,2872.0,5702.0,4634.0
3762.0,4905.0,8469.0,2776.0,7608.0,7064.0,2873.0,5710.0,4638.0
3775.0,4913.0,8473.0,2779.0,7622.0,7074.0,2876.0,5720.0,4649.0
3787.0,4920.0,8474.0,2784.0,7631.0,7087.0,2879.0,5729.0,4657.0
3796.0,4928.0,8479.0,2789.0,7648.0,7096.0,2881.0,5739.0,4666.0
3805.0,4940.0,8484.0,2792.0,7674.0,7104.0,2884.0,5752.0,4676.0
3816.0,4948.0,8492.0,2795.0,7692.0,7120.0,2887.0,5759.0,4695.0
3831.0,4959.0,8497.0,2801.0,7709.0,7137.0,2889.0,5776.0,4702.0
3840.0,4965.0,8503.0,2806.0,7721.0,7149.0,2892.0,5784.0,4711.0
3848.0,4976.0,8503.0,2809.0,7731.0,7161.0,2895.0,5791.0,4718.0
3852.0,4988.0,8507.0,2815.0,7747.0,7172.0,2895.0,5794.0,4724.0
3861.0,5000.0,8511.0,2817.0,7761.0,7182.0,2896.0,5800.0,4729.0
3867.0,5008.0,8515.0,2818.0,7773.0,7193.0,2901.0,5809.0,4744.0
3872.0,5013.0,8520.0,2820.0,7780.0,7202.0,2901.0,5815.0,4749.0
3879.0,5020.0,8523.0,2821.0,7790.0,7211.0,2902.0,5823.0,4758.0
3884.0,5023.0,8525.0,2823.0,7799.0,7219.0,2903.0,5831.0,4765.0
3887.0,5032.0,8527.0,2823.0,7806.0,7230.0,2903.0,5837.0,4773.0
3894.0,5036.0,8531.0,2825.0,7813.0,7237.0,2904.0,5842.0,4780.0
3897.0,5040.0,8535.0,2826.0,7826.0,7247.0,2907.0,5848.0,4784.0
3902.0,5046.0,8536.0,2827.0,7835.0,7254.0,2908.0,5854.0,4789.0
3907.0,5051.0,8539.0,2828.0,7841.0,7265.0,2911.0,5856.0,4797.0
3912.0,5065.0,8542.0,2829.0,7855.0,7276.0,2911.0,5863.0,4798.0
3916.0,5071.0,8544.0,2832.0,7862.0,7286.0,2912.0,5866.0,4804.0
3918.0,5075.0,8548.0,2832.0,7869.0,7296.0,2912.0,5870.0,4806.0
3923.0,5079.0,8549.0,2834.0,7874.0,7301.0,2912.0,5872.0,4811.0
3928.0,5089.0,8552.0,2835.0,7881.0,7309.0,2914.0,5873.0,4816.0
3931.0,5093.0,8555.0,2837.0,7885.0,7319.0,2916.0,5878.0,4821.0
3937.0,5097.0,8556.0,2837.0,7893.0,7329.0,2918.0,5881.0,4826.0
3942.0,5098.0,8557.0,2837.0,7899.0,7332.0,2919.0,5881.0,4827.0
3948.0,5100.0,8561.0,2837.0,7909.0,7335.0,2920.0,5885.0,4828.0
3951.0,5102.0,8562.0,2838.0,7916.0,7341.0,2921.0,5886.0,4834.0
3955.0,5104.0,8563.0,2839.0,7921.0,7347.0,2921.0,5887.0,4836.0
3959.0,5107.0,8564.0,2840.0,7926.0,7356.0,2922.0,5889.0,4839.0
3966.0,5107.0,8567.0,2840.0,7930.0,7365.0,2923.0,5891.0,4843.0
3968.0,5108.0,8571.0,2841.0,7940.0,7369.0,2923.0,5897.0,4849.0
3972.0,5110.0,8576.0,2842.0,7945.0,7377.0,2923.0,5901.0,4853.0
3976.0,5111.0,8579.0,2842.0,7948.0,7379.0,2923.0,5901.0,4857.0
3978.0,5112.0,8580.0,2842.0,7953.0,7382.0,2924.0,5904.0,4861.0
3983.0,5114.0,8582.0,2842.0,7959.0,7389.0,2924.0,5906.0,4865.0
3985.0,5116.0,8583.0,2842.0,7962.0,7390.0,2924.0,5910.0,4868.0
3986.0,5119.0,8585.0,2843.0,7966.0,7395.0,2924.0,5911.0,4871.0
3989.0,5122.0,8586.0,2844.0,7970.0,7400.0,2925.0,5912.0,4873.0
3991.0,5124.0,8586.0,2844.0,7974.0,7403.0,2926.0,5913.0,4874.0
3992.0,5126.0,8588.0,2845.0,7978.0,7411.0,2927.0,5918.0,4876.0
3995.0,5126.0,8590.0,2845.0,7980.0,7414.0,2927.0,5919.0,4881.0
3997.0,5126.0,8593.0,2845.0,7984.0,7419.0,2927.0,5919.0,4882.0
3997.0,5126.0,8593.0,2847.0,7996.0,7421.0,2927.0,5920.0,4884.0
3999.0,5130.0,8594.0,2847.0,8002.0,7423.0,2928.0,5922.0,4886.0
4001.0,5131.0,8594.0,2847.0,8003.0,7425.0,2928.0,5922.0,4887.0
4001.0,5133.0,8597.0,2847.0,8008.0,7428.0,2928.0,5923.0,4890.0
4004.0,5134.0,8597.0,2847.0,8014.0,7433.0,2928.0,5927.0,4890.0
4007.0,5136.0,8600.0,2847.0,8019.0,7437.0,2928.0,5928.0,4890.0
4008.0,5138.0,8601.0,2849.0,8024.0,7439.0,2929.0,5928.0,4894.0
4009.0,5140.0,8603.0,2851.0,8026.0,7449.0,2929.0,5929.0,4897.0
4009.0,5142.0,8605.0,2852.0,8031.0,7452.0,2930.0,5933.0,4899.0
4011.0,5145.0,8606.0,2852.0,8036.0,7456.0,2932.0,5935.0,4900.0
4013.0,5146.0,8609.0,2852.0,8039.0,7460.0,2933.0,5938.0,4901.0
4015.0,5147.0,8611.0,2852.0,8044.0,7463.0,2935.0,5938.0,4901.0
4015.0,5151.0,8611.0,2853.0,8054.0,7465.0,2935.0,5940.0,4903.0
4017.0,5151.0,8611.0,2853.0,8058.0,7467.0,2935.0,5943.0,4904.0
4021.0,5151.0,8612.0,2855.0,8063.0,7467.0,2937.0,5944.0,4908.0
4021.0,5153.0,8613.0,2856.0,8065.0,7470.0,2937.0,5945.0,4909.0
4022.0,5155.0,8613.0,2857.0,8067.0,7471.0,2938.0,5946.0,4910.0
4024.0,5157.0,8615.0,2857.0,8070.0,7472.0,2940.0,5946.0,4914.0
4025.0,5157.0,8615.0,2857.0,8074.0,7473.0,2940.0,5946.0,4917.0
4026.0,5159.0,8616.0,2857.0,8078.0,7474.0,2940.0,5946.0,4919.0
4026.0,5160.0,8616.0,2858.0,8087.0,7475.0,2941.0,5946.0,4922.0
4026.0,5160.0,8616.0,2858.0,8092.0,7476.0,2941.0,5946.0,4924.0
4030.0,5161.0,8617.0,2858.0,8098.0,7478.0,2942.0,5948.0,4926.0
4030.0,5164.0,8618.0,2858.0,8101.0,7480.0,2942.0,5952.0,4928.0
4031.0,5165.0,8618.0,2859.0,8103.0,7482.0,2943.0,5953.0,4930.0
4031.0,5165.0,8618.0,2860.0,8106.0,7485.0,2945.0,5954.0,4931.0
4032.0,5165.0,8619.0,2862.0,8107.0,7486.0,2945.0,5954.0,4933.0
4035.0,5166.0,8619.0,2862.0,8109.0,7487.0,2945.0,5955.0,4933.0
4039.0,5166.0,8620.0,2862.0,8113.0,7493.0,2945.0,5955.0,4934.0
4041.0,5166.0,8621.0,2862.0,8114.0,7495.0,2945.0,5956.0,4936.0
4043.0,5167.0,8621.0,2862.0,8117.0,7497.0,2946.0,5956.0,4940.0
4043.0,5168.0,8622.0,2863.0,8119.0,7497.0,2947.0,5956.0,4940.0
4048.0,5169.0,8622.0,2863.0,8120.0,7500.0,2949.0,5957.0,4941.0
4048.0,5169.0,8622.0,2864.0,8127.0,7500.0,2949.0,5957.0,4945.0
4049.0,5170.0,8624.0,2865.0,8130.0,7501.0,2949.0,5958.0,4948.0
4051.0,5172.0,8624.0,2866.0,8141.0,7501.0,2949.0,5961.0,4949.0
4051.0,5174.0,8625.0,2866.0,8146.0,7501.0,2950.0,5964.0,4952.0
4052.0,5174.0,8626.0,2866.0,8151.0,7501.0,2950.0,5964.0,4955.0
4053.0,5175.0,8629.0,2866.0,8155.0,7503.0,2951.0,5965.0,4957.0
4055.0,5177.0,8632.0,2868.0,8157.0,7503.0,2951.0,5966.0,4960.0
4060.0,5178.0,8632.0,2869.0,8163.0,7505.0,2951.0,5969.0,4963.0
4061.0,5179.0,8632.0,2870.0,8166.0,7508.0,2953.0,5972.0,4967.0
4062.0,5181.0,8632.0,2870.0,8174.0,7509.0,2954.0,5973.0,4970.0
4063.0,5181.0,8636.0,2871.0,8180.0,7512.0,2957.0,5974.0,4973.0
4065.0,5183.0,8637.0,2873.0,8188.0,7515.0,2957.0,5979.0,4975.0
4065.0,5185.0,8642.0,2878.0,8199.0,7518.0,2959.0,5982.0,4978.0
4066.0,5185.0,8644.0,2881.0,8206.0,7520.0,2960.0,5988.0,4981.0
4069.0,5186.0,8650.0,2882.0,8210.0,7522.0,2960.0,5990.0,4984.0
4070.0,5189.0,8654.0,2885.0,8217.0,7523.0,2961.0,5997.0,4991.0
4075.0,5190.0,8657.0,2888.0,8220.0,7525.0,2961.0,6001.0,4996.0
4077.0,5193.0,8662.0,2889.0,8233.0,7525.0,2961.0,6005.0,5000.0
4079.0,5194.0,8670.0,2893.0,8252.0,7527.0,2962.0,6016.0,5004.0
4081.0,5195.0,8672.0,2894.0,8265.0,7528.0,2965.0,6021.0,5009.0
4084.0,5198.0,8673.0,2899.0,8276.0,7533.0,2965.0,6024.0,5013.0
4085.0,5199.0,8675.0,2904.0,8295.0,7538.0,2965.0,6028.0,5019.0
4087.0,5201.0,8677.0,2917.0,8310.0,7541.0,2966.0,6034.0,5024.0
4088.0,5205.0,8683.0,2923.0,8327.0,7547.0,2967.0,6038.0,5026.0
4091.0,5208.0,8691.0,2928.0,8339.0,7551.0,2968.0,6039.0,5031.0
4092.0,5211.0,8698.0,2931.0,8363.0,7554.0,2969.0,6046.0,5035.0
4094.0,5214.0,8703.0,2936.0,8383.0,7560.0,2970.0,6054.0,5041.0
4095.0,5215.0,8705.0,2954.0,8409.0,7565.0,2971.0,6061.0,5049.0
4102.0,5217.0,8709.0,2961.0,8431.0,7567.0,2972.0,6065.0,5056.0
4105.0,5217.0,8711.0,2972.0,8450.0,7569.0,2975.0,6074.0,5062.0
4107.0,5218.0,8720.0,2978.0,8472.0,7570.0,2975.0,6077.0,5072.0
4111.0,5222.0,8725.0,2988.0,8499.0,7571.0,2976.0,6084.0,5082.0
4115.0,5230.0,8732.0,2998.0,8529.0,7575.0,2977.0,6092.0,5098.0
4117.0,5233.0,8738.0,3012.0,8554.0,7580.0,2979.0,6105.0,5108.0
4123.0,5236.0,8747.0,3022.0,8588.0,7583.0,2981.0,6107.0,5121.0
4127.0,5241.0,8751.0,3037.0,8624.0,7587.0,2982.0,6110.0,5136.0
4135.0,5245.0,8755.0,3053.0,8662.0,7592.0,2987.0,6123.0,5149.0
4141.0,5247.0,8759.0,3065.0,8702.0,7599.0,2991.0,6127.0,5164.0
4153.0,5250.0,8763.0,3078.0,8734.0,7605.0,2994.0,6137.0,5175.0
4161.0,5253.0,8770.0,3094.0,8770.0,7610.0,2997.0,6147.0,5191.0
4175.0,5259.0,8783.0,3110.0,8811.0,7616.0,2999.0,6159.0,5205.0
4185.0,5264.0,8790.0,3125.0,8862.0,7619.0,3002.0,6170.0,5225.0
4202.0,5271.0,8794.0,3140.0,8922.0,7625.0,3009.0,6189.0,5258.0
4209.0,5278.0,8800.0,3154.0,8973.0,7630.0,3016.0,6196.0,5278.0
4219.0,5284.0,8809.0,3174.0,9024.0,7640.0,3019.0,6208.0,5312.0
4236.0,5297.0,8816.0,3193.0,9081.0,7650.0,3021.0,6224.0,5348.0
4246.0,5309.0,8829.0,3212.0,9148.0,7664.0,3028.0,6238.0,5388.0
4275.0,5317.0,8840.0,3233.0,9203.0,7674.0,3034.0,6258.0,5414.0
4295.0,5334.0,8845.0,3248.0,9264.0,7681.0,3039.0,6278.0,5447.0
4316.0,5339.0,8863.0,3262.0,9321.0,7692.0,3046.0,6288.0,5478.0
4338.0,5354.0,8873.0,3279.0,9396.0,7704.0,3051.0,6305.0,5512.0
4359.0,5363.0,8884.0,3301.0,9465.0,7719.0,3060.0,6329.0,5550.0
4384.0,5375.0,8898.0,3320.0,9537.0,7725.0,3071.0,6354.0,5592.0
4413.0,5391.0,8917.0,3345.0,9610.0,7739.0,3078.0,6365.0,5626.0
4436.0,5410.0,8932.0,3363.0,9698.0,7750.0,3093.0,6390.0,5665.0
4467.0,5428.0,8945.0,3388.0,9795.0,7760.0,3104.0,6420.0,5714.0
4495.0,5445.0,8952.0,3407.0,9879.0,7784.0,3115.0,6453.0,5768.0
4531.0,5463.0,8970.0,3433.0,9962.0,7805.0,3122.0,6480.0,5815.0
4568.0,5478.0,8990.0,3449.0,10040.0,7824.0,3136.0,6515.0,5860.0
4596.0,5494.0,9005.0,3468.0,10136.0,7843.0,3146.0,6543.0,5933.0
4637.0,5507.0,9020.0,3491.0,10221.0,7860.0,3152.0,6579.0,5980.0
4665.0,5529.0,9039.0,3514.0,10301.0,7877.0,3166.0,6619.0,6037.0
4695.0,5551.0,9052.0,3541.0,10399.0,7898.0,3183.0,6656.0,6111.0
4726.0,5565.0,9076.0,3572.0,10492.0,7917.0,3195.0,6702.0,6189.0
4769.0,5584.0,9097.0,3592.0,10586.0,7941.0,3214.0,6740.0,6258.0
4820.0,5610.0,9121.0,3626.0,10672.0,7974.0,3231.0,6780.0,6351.0
4854.0,5637.0,9136.0,3649.0,10757.0,7999.0,3241.0,6823.0,6418.0
4881.0,5656.0,9148.0,3670.0,10844.0,8021.0,3257.0,6872.0,6482.0
4928.0,5674.0,9170.0,3691.0,10937.0,8044.0,3273.0,6916.0,6555.0
4970.0,5695.0,9184.0,3720.0,11038.0,8074.0,3286.0,6952.0,6621.0
5020.0,5719.0,9203.0,3756.0,11121.0,8104.0,3295.0,6999.0,6690.0
5065.0,5732.0,9221.0,3783.0,11212.0,8135.0,3313.0,7053.0,6768.0
5112.0,5753.0,9254.0,3808.0,11292.0,8166.0,3335.0,7103.0,6821.0
5156.0,5774.0,9287.0,3837.0,11376.0,8198.0,3362.0,7155.0,6877.0
5215.0,5794.0,9309.0,3871.0,11477.0,8242.0,3385.0,7210.0,6963.0
5267.0,5817.0,9336.0,3902.0,11558.0,8278.0,3406.0,7266.0,7043.0
5311.0,5840.0,9364.0,3938.0,11634.0,8308.0,3441.0,7330.0,7114.0
5357.0,5863.0,9386.0,3970.0,11721.0,8340.0,3478.0,7385.0,7193.0
5415.0,5886.0,9421.0,4002.0,11794.0,8378.0,3515.0,7438.0,7264.0
5465.0,5913.0,9442.0,4037.0,11872.0,8435.0,3535.0,7496.0,7347.0
5512.0,5937.0,9474.0,4075.0,11953.0,8466.0,3566.0,7553.0,7429.0
5564.0,5969.0,9511.0,4104.0,12042.0,8517.0,3594.0,7605.0,7495.0
5617.0,5992.0,9539.0,4134.0,12100.0,8562.0,3611.0,7667.0,7559.0
5676.0,6017.0,9566.0,4157.0,12168.0,8602.0,3639.0,7717.0,7626.0
5732.0,6048.0,9595.0,4181.0,12232.0,8637.0,3670.0,7771.0,7691.0
5784.0,6067.0,9647.0,4211.0,12297.0,8682.0,3701.0,7844.0,7747.0
5831.0,6098.0,9674.0,4238.0,12362.0,8717.0,3731.0,7911.0,7803.0
5885.0,6130.0,9695.0,4255.0,12433.0,8766.0,3754.0,7965.0,7841.0
5930.0,6155.0,9724.0,4278.0,12488.0,8805.0,3780.0,8006.0,7906.0
5983.0,6180.0,9757.0,4300.0,12558.0,8862.0,3804.0,8063.0,7975.0
6037.0,6208.0,9789.0,4318.0,12623.0,8918.0,3834.0,8122.0,8053.0
6078.0,6236.0,9819.0,4345.0,12676.0,8962.0,3860.0,8172.0,8099.0
6126.0,6265.0,9848.0,4362.0,12735.0,9005.0,3878.0,8229.0,8162.0
6176.0,6291.0,9885.0,4389.0,12798.0,9042.0,3906.0,8284.0,8218.0
6212.0,6319.0,9924.0,4411.0,12864.0,9105.0,3931.0,8348.0,8273.0
6263.0,6354.0,9955.0,4429.0,12918.0,9163.0,3956.0,8398.0,8332.0
6307.0,6393.0,9987.0,4456.0,12978.0,9224.0,3990.0,8454.0,8386.0
6362.0,6445.0,10016.0,4477.0,13025.0,9294.0,4021.0,8510.0,8449.0
6416.0,6479.0,10062.0,4501.0,13094.0,9352.0,4044.0,8563.0,8499.0
6462.0,6521.0,10094.0,4521.0,13145.0,9426.0,4073.0,8622.0,8556.0
6523.0,6559.0,10133.0,4549.0,13215.0,9485.0,4100.0,8675.0,8603.0
6563.0,6600.0,10179.0,4573.0,13267.0,9555.0,4134.0,8722.0,8657.0
6606.0,6643.0,10214.0,4588.0,13321.0,9634.0,4157.0,8774.0,8699.0
6660.0,6689.0,10274.0,4612.0,13366.0,9719.0,4189.0,8834.0,8756.0
6726.0,6746.0,10327.0,4649.0,13423.0,9787.0,4209.0,8897.0,8813.0
6763.0,6812.0,10375.0,4682.0,13483.0,9875.0,4241.0,8947.0,8856.0
6811.0,6877.0,10426.0,4712.0,13532.0,9971.0,4266.0,8992.0,8902.0
6868.0,6948.0,10485.0,4731.0,13594.0,10076.0,4295.0,9047.0,8951.0
6921.0,7011.0,10574.0,4762.0,13647.0,10189.0,4325.0,9105.0,9000.0
6966.0,7085.0,10650.0,4790.0,13712.0,10291.0,4349.0,9159.0,9051.0
7002.0,7162.0,10718.0,4812.0,13786.0,10396.0,4375.0,9217.0,9088.0
7050.0,7242.0,10811.0,4834.0,13848.0,10523.0,4402.0,9271.0,9133.0
7100.0,7327.0,10908.0,4869.0,13917.0,10633.0,4428.0,9337.0,9188.0
7152.0,7399.0,11014.0,4902.0,13978.0,10771.0,4456.0,9401.0,9246.0
7183.0,7488.0,11126.0,4938.0,14054.0,10897.0,4488.0,9454.0,9306.0
7239.0,7571.0,11237.0,4962.0,14120.0,11025.0,4520.0,9508.0,9366.0
7298.0,7669.0,11373.0,4986.0,14173.0,11166.0,4547.0,9587.0,9404.0
7356.0,7776.0,11516.0,5006.0,14251.0,11323.0,4583.0,9646.0,9447.0
7404.0,7880.0,11660.0,5040.0,14318.0,11450.0,4621.0,9709.0,9511.0
7460.0,7980.0,11825.0,5060.0,14388.0,11597.0,4663.0,9775.0,9571.0
7509.0,8088.0,11970.0,5086.0,14461.0,11744.0,4699.0,9828.0,9618.0
7566.0,8208.0,12148.0,5111.0,14530.0,11917.0,4742.0,9910.0,9661.0
7631.0,8348.0,12338.0,5148.0,14618.0,12083.0,4790.0,9989.0,9704.0
7696.0,8474.0,12513.0,5175.0,14719.0,12289.0,4833.0,10076.0,9756.0
7751.0,8627.0,12707.0,5207.0,14805.0,12490.0,4883.0,10169.0,9810.0
7815.0,8762.0,12896.0,5240.0,14899.0,12692.0,4928.0,10277.0,9862.0
7902.0,8932.0,13079.0,5271.0,15005.0,12888.0,4974.0,10386.0,9910.0
7960.0,9124.0,13280.0,5307.0,15108.0,13091.0,5032.0,10502.0,9973.0
8041.0,9293.0,13478.0,5359.0,15221.0,13309.0,5090.0,10638.0,10024.0
8125.0,9484.0,13689.0,5395.0,15321.0,13587.0,5162.0,10771.0,10092.0
8230.0,9668.0,13908.0,5428.0,15457.0,13830.0,5231.0,10877.0,10158.0
8324.0,9845.0,14123.0,5466.0,15587.0,14095.0,5314.0,10996.0,10204.0
8422.0,10039.0,14313.0,5511.0,15708.0,14336.0,5389.0,11118.0,10280.0
8522.0,10239.0,14525.0,5547.0,15826.0,14607.0,5485.0,11247.0,10359.0
8623.0,10447.0,14737.0,5581.0,15955.0,14881.0,5569.0,11370.0,10423.0
8720.0,10628.0,14960.0,5620.0,16089.0,15174.0,5648.0,11512.0,10477.0
8817.0,10815.0,15188.0,5679.0,16244.0,15468.0,5746.0,11641.0,10558.0
8920.0,11021.0,15382.0,5719.0,16384.0,15716.0,5856.0,11768.0,10627.0
9006.0,11218.0,15582.0,5754.0,16509.0,15962.0,5953.0,11909.0,10704.0
9084.0,11411.0,15758.0,5801.0,16653.0,16202.0,6058.0,12058.0,10761.0
9170.0,11581.0,15932.0,5829.0,16798.0,16440.0,6155.0,12201.0,10828.0
9263.0,11754.0,16093.0,5871.0,16922.0,16641.0,6259.0,12330.0,10887.0
9343.0,11918.0,16262.0,5926.0,17061.0,16875.0,6372.0,12468.0,10945.0
9437.0,12055.0,16407.0,5965.0,17193.0,17093.0,6469.0,12593.0,11004.0
9534.0,12221.0,16558.0,6004.0,17339.0,17324.0,6566.0,12710.0,11068.0
9617.0,12400.0,16694.0,6043.0,17488.0,17551.0,6670.0,12841.0,11130.0
9710.0,12543.0,16833.0,6089.0,17626.0,17740.0,6755.0,12961.0,11185.0
9788.0,12674.0,16941.0,6121.0,17737.0,17930.0,6840.0,13082.0,11253.0
9870.0,12807.0,17056.0,6160.0,17869.0,18082.0,6913.0,13194.0,11314.0
9953.0,12922.0,17170.0,6195.0,18006.0,18246.0,6978.0,13312.0,11376.0
10035.0,13033.0,17292.0,6229.0,18119.0,18402.0,7060.0,13412.0,11430.0
10113.0,13160.0,17416.0,6266.0,18242.0,18555.0,7124.0,13514.0,11494.0
10179.0,13268.0,17498.0,6309.0,18357.0,18662.0,7183.0,13612.0,11551.0
10247.0,13372.0,17605.0,6348.0,18470.0,18789.0,7247.0,13698.0,11614.0
10304.0,13474.0,17694.0,6376.0,18549.0,18922.0,7312.0,13789.0,11656.0
10375.0,13566.0,17778.0,6404.0,18637.0,19028.0,7376.0,13885.0,11692.0
10439.0,13671.0,17864.0,6437.0,18741.0,19141.0,7436.0,13983.0,11731.0
10516.0,13762.0,17932.0,6464.0,18839.0,19236.0,7490.0,14062.0,11770.0
10568.0,13847.0,18010.0,6491.0,18945.0,19339.0,7538.0,14136.0,11826.0
10623.0,13933.0,18074.0,6510.0,19038.0,19438.0,7576.0,14215.0,11883.0
10683.0,14002.0,18136.0,6533.0,19128.0,19510.0,7623.0,14286.0,11935.0
10727.0,14061.0,18199.0,6556.0,19217.0,19588.0,7662.0,14355.0,11983.0
10783.0,14126.0,18258.0,6581.0,19291.0,19671.0,7702.0,14429.0,12027.0
10854.0,14207.0,18313.0,6612.0,19362.0,19762.0,7737.0,14505.0,12065.0
10923.0,14282.0,18375.0,6632.0,19443.0,19840.0,7758.0,14568.0,12097.0
10963.0,14340.0,18434.0,6648.0,19509.0,19908.0,7790.0,14629.0,12135.0
11008.0,14393.0,18495.0,6666.0,19584.0,19984.0,7825.0,14682.0,12173.0
11040.0,14450.0,18548.0,6686.0,19635.0,20043.0,7851.0,14735.0,12212.0
11089.0,14498.0,18584.0,6706.0,19679.0,20116.0,7875.0,14793.0,12248.0
11117.0,14528.0,18637.0,6724.0,19736.0,20167.0,7901.0,14840.0,12293.0
11144.0,14563.0,18684.0,6734.0,19786.0,20227.0,7922.0,14893.0,12315.0
11179.0,14604.0,18719.0,6745.0,19835.0,20283.0,7946.0,14948.0,12345.0
11215.0,14641.0,18753.0,6767.0,19885.0,20330.0,7969.0,14984.0,12377.0
11250.0,14679.0,18781.0,6778.0,19923.0,20383.0,7997.0,15034.0,12404.0
11276.0,14711.0,18811.0,6790.0,19971.0,20422.0,8013.0,15068.0,12429.0
11307.0,14751.0,18836.0,6800.0,20007.0,20465.0,8028.0,15105.0,12457.0
11343.0,14776.0,18861.0,6812.0,20050.0,20494.0,8049.0,15138.0,12490.0
11361.0,14805.0,18895.0,6826.0,20083.0,20537.0,8068.0,15181.0,12511.0
11382.0,14832.0,18922.0,6834.0,20111.0,20575.0,8081.0,15212.0,12528.0
11410.0,14851.0,18939.0,6847.0,20136.0,20600.0,8091.0,15239.0,12552.0
11430.0,14877.0,18960.0,6855.0,20165.0,20645.0,8099.0,15268.0,12570.0
11451.0,14896.0,18987.0,6869.0,20200.0,20683.0,8103.0,15294.0,12589.0
11469.0,14923.0,19011.0,6874.0,20229.0,20706.0,8116.0,15308.0,12614.0
11489.0,14953.0,19033.0,6879.0,20258.0,20733.0,8124.0,15328.0,12628.0
11508.0,14977.0,19048.0,6889.0,20278.0,20754.0,8137.0,15354.0,12645.0
11530.0,14995.0,19064.0,6897.0,20298.0,20783.0,8149.0,15369.0,12665.0
11547.0,15010.0,19078.0,6905.0,20318.0,20800.0,8156.0,15390.0,12682.0
11567.0,15029.0,19098.0,6910.0,20339.0,20826.0,8162.0,15406.0,12701.0
11585.0,15040.0,19103.0,6920.0,20354.0,20844.0,8167.0,15428.0,12714.0
11606.0,15056.0,19119.0,6928.0,20367.0,20864.0,8175.0,15440.0,12723.0
11619.0,15064.0,19129.0,6931.0,20396.0,20886.0,8180.0,15451.0,12737.0
11630.0,15076.0,19143.0,6933.0,20417.0,20909.0,8186.0,15465.0,12756.0
11638.0,15085.0,19152.0,6935.0,20434.0,20929.0,8192.0,15478.0,12766.0
11649.0,15097.0,19165.0,6941.0,20448.0,20942.0,8197.0,15498.0,12776.0
11664.0,15107.0,19174.0,6945.0,20461.0,20955.0,8199.0,15508.0,12785.0
11673.0,15114.0,19181.0,6950.0,20476.0,20972.0,8203.0,15515.0,12796.0
11686.0,15120.0,19188.0,6956.0,20496.0,20984.0,8206.0,15532.0,12801.0
11701.0,15137.0,19204.0,6957.0,20509.0,20995.0,8214.0,15543.0,12818.0
11714.0,15148.0,19214.0,6960.0,20523.0,21010.0,8218.0,15555.0,12825.0
11725.0,15157.0,19219.0,6968.0,20536.0,21019.0,8222.0,15569.0,12835.0
11730.0,15163.0,19230.0,6970.0,20546.0,21027.0,8225.0,15573.0,12844.0
11740.0,15171.0,19236.0,6972.0,20560.0,21036.0,8230.0,15580.0,12851.0
11749.0,15178.0,19238.0,6975.0,20570.0,21046.0,8233.0,15585.0,12863.0
11756.0,15185.0,19249.0,6979.0,20576.0,21053.0,8235.0,15591.0,12868.0
11760.0,15188.0,19258.0,6980.0,20588.0,21057.0,8239.0,15593.0,12872.0
11771.0,15194.0,19260.0,6983.0,20596.0,21068.0,8242.0,15600.0,12879.0
11776.0,15203.0,19265.0,6986.0,20603.0,21076.0,8243.0,15605.0,12886.0
11779.0,15206.0,19273.0,6992.0,20612.0,21086.0,8248.0,15616.0,12895.0
11782.0,15210.0,19279.0,6993.0,20623.0,21095.0,8250.0,15629.0,12900.0
11789.0,15211.0,19282.0,6994.0,20630.0,21103.0,8251.0,15636.0,12903.0
11792.0,15214.0,19290.0,6997.0,20632.0,21108.0,8253.0,15641.0,12906.0
11798.0,15220.0,19294.0,7000.0,20644.0,21114.0,8255.0,15645.0,12914.0
11799.0,15224.0,19300.0,7001.0,20648.0,21119.0,8258.0,15652.0,12918.0
11805.0,15228.0,19301.0,7003.0,20652.0,21126.0,8260.0,15659.0,12922.0
11815.0,15231.0,19303.0,7004.0,20657.0,21132.0,8265.0,15660.0,12927.0
11819.0,15237.0,19311.0,7006.0,20661.0,21140.0,8269.0,15667.0,12936.0
11822.0,15241.0,19316.0,7006.0,20668.0,21140.0,8272.0,15674.0,12939.0
11826.0,15250.0,19324.0,7007.0,20672.0,21142.0,8273.0,15677.0,12943.0
11829.0,15251.0,19328.0,7007.0,20677.0,21146.0,8277.0,15683.0,12950.0
11833.0,15253.0,19331.0,7007.0,20684.0,21151.0,8280.0,15688.0,12957.0
11834.0,15259.0,19335.0,7009.0,20690.0,21157.0,8280.0,15690.0,12967.0
11835.0,15262.0,19337.0,7011.0,20698.0,21161.0,8280.0,15695.0,12968.0
11839.0,15266.0,19345.0,7012.0,20703.0,21164.0,8282.0,15698.0,12975.0
11842.0,15274.0,19348.0,7014.0,20705.0,21166.0,8283.0,15700.0,12980.0
11844.0,15279.0,19350.0,7015.0,20708.0,21168.0,8284.0,15708.0,12992.0
11850.0,15282.0,19353.0,7015.0,20711.0,21172.0,8285.0,15712.0,12995.0
11850.0,15284.0,19357.0,7015.0,20712.0,21176.0,8285.0,15716.0,12997.0
11851.0,15287.0,19359.0,7015.0,20717.0,21182.0,8287.0,15719.0,13005.0
11851.0,15292.0,19360.0,7016.0,20721.0,21186.0,8288.0,15722.0,13012.0
11853.0,15294.0,19362.0,7017.0,20726.0,21190.0,8292.0,15725.0,13017.0
11859.0,15298.0,19363.0,7018.0,20727.0,21191.0,8293.0,15732.0,13018.0
11861.0,15298.0,19364.0,7020.0,20732.0,21197.0,8293.0,15733.0,13020.0
11864.0,15301.0,19367.0,7021.0,20733.0,21200.0,8294.0,15738.0,13022.0
11866.0,15302.0,19367.0,7022.0,20736.0,21201.0,8296.0,15744.0,13025.0
11867.0,15308.0,19369.0,7024.0,20741.0,21203.0,8298.0,15745.0,13027.0
11869.0,15311.0,19374.0,7024.0,20743.0,21204.0,8300.0,15747.0,13029.0
11869.0,15311.0,19375.0,7024.0,20747.0,21207.0,8303.0,15748.0,13032.0
11870.0,15313.0,19378.0,7024.0,20747.0,21211.0,8306.0,15749.0,13034.0
11871.0,15314.0,19382.0,7024.0,20748.0,21212.0,8308.0,15750.0,13037.0
11872.0,15315.0,19384.0,7024.0,20750.0,21215.0,8312.0,15750.0,13040.0
11877.0,15315.0,19386.0,7025.0,20752.0,21217.0,8314.0,15752.0,13041.0
11877.0,15318.0,19387.0,7026.0,20753.0,21220.0,8316.0,15753.0,13043.0
11878.0,15320.0,19392.0,7026.0,20757.0,21221.0,8317.0,15754.0,13048.0
11878.0,15326.0,19393.0,7026.0,20759.0,21223.0,8318.0,15755.0,13049.0
11879.0,15327.0,19396.0,7027.0,20761.0,21225.0,8319.0,15756.0,13053.0
11879.0,15330.0,19397.0,7027.0,20761.0,21228.0,8320.0,15759.0,13059.0
11879.0,15331.0,19398.0,7028.0,20763.0,21229.0,8321.0,15760.0,13062.0
11879.0,15333.0,19401.0,7028.0,20764.0,21229.0,8321.0,15761.0,13062.0
11881.0,15335.0,19401.0,7029.0,20769.0,21233.0,8321.0,15765.0,13063.0
11881.0,15335.0,19402.0,7033.0,20770.0,21234.0,8322.0,15766.0,13067.0
11882.0,15337.0,19403.0,7033.0,20772.0,21234.0,8322.0,15770.0,13067.0
11882.0,15337.0,19404.0,7033.0,20772.0,21239.0,8322.0,15772.0,13068.0
11883.0,15337.0,19405.0,7034.0,20775.0,21240.0,8323.0,15775.0,13070.0
11884.0,15340.0,19407.0,7034.0,20776.0,21241.0,8323.0,15775.0,13072.0
11886.0,15342.0,19407.0,7034.0,20777.0,21243.0,8323.0,15777.0,13074.0
11888.0,15344.0,19407.0,7035.0,20778.0,21245.0,8324.0,15777.0,13074.0
11888.0,15344.0,19407.0,7035.0,20778.0,21246.0,8325.0,15777.0,13075.0
11889.0,15344.0,19410.0,7035.0,20779.0,21247.0,8325.0,15777.0,13075.0
11890.0,15346.0,19414.0,7035.0,20783.0,21248.0,8326.0,15779.0,13076.0
11891.0,15347.0,19415.0,7035.0,20783.0,21248.0,8326.0,15779.0,13076.0
11893.0,15347.0,19418.0,7035.0,20788.0,21250.0,8326.0,15780.0,13077.0
11893.0,15348.0,19421.0,7035.0,20790.0,21252.0,8326.0,15782.0,13080.0
11893.0,15349.0,19421.0,7035.0,20791.0,21255.0,8326.0,15784.0,13081.0
11893.0,15350.0,19425.0,7035.0,20793.0,21255.0,8326.0,15786.0,13084.0
11894.0,15350.0,19427.0,7035.0,20795.0,21256.0,8326.0,15788.0,13084.0
11895.0,15350.0,19429.0,7035.0,20799.0,21259.0,8326.0,15789.0,13085.0
11896.0,15350.0,19432.0,7035.0,20803.0,21260.0,8326.0,15789.0,13085.0
11897.0,15351.0,19433.0,7035.0,20805.0,21260.0,8327.0,15789.0,13087.0
11898.0,15354.0,19434.0,7036.0,20807.0,21260.0,8327.0,15791.0,13087.0
11899.0,15354.0,19434.0,7037.0,20811.0,21261.0,8327.0,15793.0,13087.0
11900.0,15355.0,19435.0,7037.0,20813.0,21261.0,8327.0,15795.0,13090.0
11903.0,15356.0,19436.0,7037.0,20818.0,21262.0,8327.0,15796.0,13092.0
11907.0,15356.0,19438.0,7037.0,20819.0,21265.0,8327.0,15798.0,13093.0
11908.0,15356.0,19439.0,7038.0,20820.0,21265.0,8327.0,15799.0,13093.0
11908.0,15357.0,19443.0,7038.0,20821.0,21266.0,8328.0,15801.0,13095.0
11908.0,15358.0,19444.0,7038.0,20823.0,21267.0,8328.0,15801.0,13095.0
11910.0,15359.0,19446.0,7038.0,20825.0,21269.0,8328.0,15802.0,13098.0
11911.0,15360.0,19451.0,7038.0,20827.0,21272.0,8328.0,15804.0,13098.0
11912.0,15362.0,19452.0,7039.0,20830.0,21277.0,8328.0,15806.0,13099.0
11913.0,15363.0,19452.0,7039.0,20833.0,21279.0,8329.0,15806.0,13102.0
11914.0,15363.0,19457.0,7039.0,20835.0,21279.0,8329.0,15809.0,13102.0
11914.0,15364.0,19460.0,7039.0,20835.0,21282.0,8329.0,15810.0,13103.0
11918.0,15364.0,19460.0,7039.0,20840.0,21282.0,8329.0,15811.0,13105.0
11920.0,15365.0,19462.0,7039.0,20846.0,21282.0,8330.0,15813.0,13106.0
11921.0,15368.0,19464.0,7039.0,20850.0,21284.0,8330.0,15816.0,13106.0
11921.0,15369.0,19466.0,7039.0,20851.0,21286.0,8330.0,15817.0,13106.0
11921.0,15370.0,19470.0,7039.0,20857.0,21287.0,8330.0,15818.0,13107.0
11922.0,15372.0,19472.0,7039.0,20864.0,21288.0,8330.0,15819.0,13110.0
11922.0,15373.0,19473.0,7039.0,20876.0,21289.0,8331.0,15820.0,13113.0
11922.0,15373.0,19473.0,7039.0,20888.0,21289.0,8331.0,15820.0,13113.0
11923.0,15374.0,19474.0,7040.0,20893.0,21291.0,8331.0,15820.0,13115.0
11923.0,15374.0,19474.0,7040.0,20897.0,21291.0,8331.0,15822.0,13115.0
11924.0,15374.0,19477.0,7041.0,20907.0,21295.0,8332.0,15824.0,13116.0
11924.0,15376.0,19481.0,7041.0,20913.0,21300.0,8333.0,15827.0,13116.0
11924.0,15377.0,19481.0,7041.0,20917.0,21302.0,8334.0,15828.0,13117.0
11925.0,15378.0,19484.0,7043.0,20923.0,21303.0,8336.0,15828.0,13121.0
11925.0,15378.0,19486.0,7043.0,20930.0,21303.0,8337.0,15830.0,13122.0
11926.0,15379.0,19488.0,7043.0,20938.0,21304.0,8339.0,15832.0,13126.0
11928.0,15380.0,19493.0,7043.0,20946.0,21305.0,8339.0,15837.0,13127.0
11928.0,15380.0,19497.0,7047.0,20952.0,21307.0,8341.0,15840.0,13131.0
11932.0,15382.0,19498.0,7047.0,20966.0,21308.0,8343.0,15841.0,13132.0
11934.0,15382.0,19503.0,7051.0,20972.0,21310.0,8345.0,15843.0,13136.0
11937.0,15382.0,19504.0,7051.0,20985.0,21311.0,8346.0,15847.0,13137.0
11939.0,15383.0,19506.0,7051.0,20991.0,21314.0,8346.0,15853.0,13138.0
11940.0,15384.0,19509.0,7054.0,20996.0,21316.0,8347.0,15857.0,13140.0
11943.0,15385.0,19512.0,7056.0,21004.0,21319.0,8350.0,15860.0,13142.0
11943.0,15388.0,19514.0,7059.0,21016.0,21323.0,8350.0,15863.0,13145.0
11945.0,15391.0,19516.0,7067.0,21030.0,21327.0,8351.0,15870.0,13147.0
11946.0,15394.0,19520.0,7069.0,21041.0,21331.0,8351.0,15875.0,13151.0
11946.0,15395.0,19521.0,7072.0,21054.0,21332.0,8353.0,15880.0,13153.0
11948.0,15398.0,19524.0,7074.0,21063.0,21337.0,8357.0,15882.0,13157.0
11953.0,15400.0,19528.0,7079.0,21081.0,21338.0,8357.0,15885.0,13159.0
11956.0,15401.0,19533.0,7083.0,21092.0,21339.0,8360.0,15889.0,13165.0
11958.0,15403.0,19535.0,7086.0,21107.0,21348.0,8361.0,15893.0,13172.0
11958.0,15404.0,19539.0,7092.0,21125.0,21351.0,8361.0,15899.0,13178.0
11963.0,15407.0,19546.0,7095.0,21135.0,21356.0,8368.0,15904.0,13182.0
11968.0,15411.0,19554.0,7096.0,21151.0,21358.0,8372.0,15913.0,13193.0
11971.0,15415.0,19563.0,7108.0,21168.0,21364.0,8374.0,15926.0,13203.0
11975.0,15419.0,19572.0,7114.0,21181.0,21367.0,8376.0,15929.0,13213.0
11980.0,15421.0,19579.0,7120.0,21192.0,21372.0,8379.0,15931.0,13220.0
11986.0,15425.0,19585.0,7127.0,21221.0,21374.0,8382.0,15940.0,13228.0
11991.0,15430.0,19595.0,7130.0,21235.0,21380.0,8391.0,15950.0,13234.0
11994.0,15436.0,19602.0,7141.0,21242.0,21385.0,8394.0,15960.0,13242.0
11999.0,15439.0,19608.0,7145.0,21254.0,21394.0,8399.0,15966.0,13254.0
12002.0,15444.0,19617.0,7155.0,21274.0,21400.0,8402.0,15969.0,13265.0
12008.0,15450.0,19621.0,7157.0,21290.0,21405.0,8406.0,15975.0,13277.0
12013.0,15455.0,19631.0,7163.0,21302.0,21415.0,8414.0,15978.0,13288.0
12015.0,15457.0,19643.0,7171.0,21323.0,21428.0,8416.0,15983.0,13296.0
12023.0,15463.0,19656.0,7178.0,21344.0,21434.0,8421.0,15998.0,13305.0
12030.0,15470.0,19664.0,7188.0,21354.0,21441.0,8423.0,16009.0,13316.0
12037.0,15473.0,19675.0,7197.0,21369.0,21446.0,8429.0,16022.0,13321.0
12041.0,15478.0,19685.0,7207.0,21387.0,21455.0,8433.0,16032.0,13327.0
12046.0,15483.0,19692.0,7220.0,21397.0,21468.0,8439.0,16037.0,13333.0
12051.0,15489.0,19709.0,7230.0,21413.0,21471.0,8443.0,16047.0,13341.0
12063.0,15491.0,19724.0,7238.0,21429.0,21478.0,8447.0,16053.0,13360.0
12071.0,15496.0,19733.0,7245.0,21441.0,21493.0,8453.0,16063.0,13373.0
12078.0,15506.0,19742.0,7250.0,21458.0,21499.0,8460.0,16079.0,13386.0
12082.0,15512.0,19752.0,7254.0,21471.0,21506.0,8465.0,16086.0,13397.0
12087.0,15521.0,19760.0,7263.0,21490.0,21512.0,8470.0,16092.0,13404.0
12092.0,15526.0,19771.0,7268.0,21506.0,21514.0,8475.0,16100.0,13420.0
12098.0,15531.0,19785.0,7272.0,21525.0,21521.0,8476.0,16110.0,13432.0
12106.0,15541.0,19801.0,7276.0,21539.0,21526.0,8483.0,16120.0,13449.0
12115.0,15546.0,19807.0,7279.0,21550.0,21531.0,8489.0,16137.0,13468.0
12124.0,15555.0,19820.0,7283.0,21565.0,21533.0,8494.0,16149.0,13485.0
12130.0,15564.0,19834.0,7286.0,21575.0,21541.0,8498.0,16160.0,13495.0
12139.0,15574.0,19844.0,7289.0,21589.0,21549.0,8502.0,16170.0,13505.0
12148.0,15581.0,19853.0,7299.0,21600.0,21566.0,8510.0,16179.0,13514.0
12158.0,15590.0,19862.0,7307.0,21609.0,21578.0,8519.0,16191.0,13525.0
12166.0,15599.0,19877.0,7313.0,21622.0,21588.0,8536.0,16202.0,13535.0
12174.0,15608.0,19899.0,7323.0,21640.0,21601.0,8542.0,16213.0,13546.0
12184.0,15615.0,19917.0,7331.0,21657.0,21608.0,8552.0,16225.0,13554.0
12199.0,15626.0,19929.0,7341.0,21667.0,21626.0,8560.0,16241.0,13564.0
12204.0,15631.0,19941.0,7349.0,21683.0,21637.0,8571.0,16253.0,13581.0
12214.0,15638.0,19952.0,7357.0,21707.0,21648.0,8580.0,16264.0,13594.0
12223.0,15650.0,19965.0,7364.0,21718.0,21661.0,8585.0,16275.0,13599.0
12235.0,15667.0,19981.0,7365.0,21735.0,21672.0,8599.0,16285.0,13609.0
12241.0,15678.0,19993.0,7373.0,21751.0,21684.0,8605.0,16307.0,13630.0
12254.0,15680.0,20010.0,7381.0,21767.0,21695.0,8615.0,16323.0,13642.0
12270.0,15692.0,20020.0,7384.0,21782.0,21707.0,8630.0,16334.0,13662.0
12283.0,15696.0,20029.0,7392.0,21794.0,21716.0,8638.0,16351.0,13675.0
12293.0,15708.0,20041.0,7400.0,21809.0,21724.0,8644.0,16363.0,13694.0
12304.0,15717.0,20053.0,7401.0,21824.0,21732.0,8654.0,16383.0,13710.0
12312.0,15728.0,20067.0,7410.0,21838.0,21737.0,8666.0,16401.0,13724.0
12319.0,15742.0,20090.0,7420.0,21855.0,21751.0,8675.0,16415.0,13740.0
12335.0,15757.0,20098.0,7426.0,21870.0,21765.0,8681.0,16431.0,13763.0
12350.0,15769.0,20112.0,7431.0,21887.0,21784.0,8689.0,16443.0,13783.0
12363.0,15779.0,20129.0,7437.0,21903.0,21801.0,8710.0,16453.0,13802.0
12374.0,15789.0,20142.0,7446.0,21927.0,21821.0,8720.0,16470.0,13817.0
12386.0,15802.0,20156.0,7447.0,21947.0,21836.0,8733.0,16484.0,13831.0
12405.0,15804.0,20177.0,7453.0,21971.0,21852.0,8744.0,16500.0,13853.0
12418.0,15813.0,20187.0,7462.0,21991.0,21861.0,8751.0,16515.0,13872.0
12427.0,15827.0,20200.0,7466.0,22012.0,21878.0,8761.0,16527.0,13881.0
12442.0,15839.0,20208.0,7471.0,22025.0,21888.0,8767.0,16543.0,13898.0
12447.0,15846.0,20213.0,7476.0,22037.0,21900.0,8774.0,16554.0,13912.0
12460.0,15860.0,20227.0,7489.0,22060.0,21905.0,8785.0,16571.0,13928.0
12470.0,15866.0,20244.0,7508.0,22082.0,21918.0,8791.0,16588.0,13940.0
12482.0,15881.0,20255.0,7518.0,22105.0,21928.0,8799.0,16598.0,13959.0
12492.0,15894.0,20264.0,7526.0,22127.0,21945.0,8813.0,16619.0,13975.0
12499.0,15905.0,20274.0,7532.0,22146.0,21957.0,8821.0,16638.0,13985.0
12510.0,15922.0,20282.0,7540.0,22161.0,21965.0,8828.0,16646.0,14005.0
12530.0,15932.0,20293.0,7553.0,22176.0,21974.0,8834.0,16659.0,14024.0
12540.0,15941.0,20303.0,7559.0,22191.0,21987.0,8840.0,16677.0,14036.0
12555.0,15954.0,20316.0,7574.0,22206.0,21995.0,8853.0,16686.0,14049.0
12563.0,15962.0,20334.0,7583.0,22230.0,22006.0,8864.0,16696.0,14059.0
12575.0,15971.0,20350.0,7589.0,22242.0,22020.0,8871.0,16706.0,14073.0
12584.0,15974.0,20360.0,7595.0,22260.0,22027.0,8881.0,16717.0,14088.0
12595.0,15980.0,20371.0,7603.0,22268.0,22036.0,8890.0,16723.0,14096.0
12601.0,15985.0,20390.0,7608.0,22276.0,22048.0,8901.0,16733.0,14104.0
12613.0,15991.0,20408.0,7612.0,22289.0,22058.0,8906.0,16746.0,14111.0
12622.0,15996.0,20423.0,7622.0,22299.0,22072.0,8912.0,16753.0,14128.0
12630.0,16001.0,20440.0,7631.0,22312.0,22082.0,8919.0,16764.0,14143.0
12641.0,16011.0,20456.0,7637.0,22329.0,22090.0,8929.0,16776.0,14155.0
12647.0,16016.0,20467.0,7644.0,22341.0,22097.0,8938.0,16786.0,14161.0
12654.0,16022.0,20474.0,7650.0,22357.0,22107.0,8944.0,16791.0,14176.0
12664.0,16029.0,20485.0,7652.0,22370.0,22117.0,8957.0,16798.0,14187.0
12675.0,16037.0,20499.0,7659.0,22385.0,22127.0,8964.0,16810.0,14199.0
12683.0,16045.0,20510.0,7662.0,22401.0,22136.0,8969.0,16822.0,14206.0
12693.0,16049.0,20520.0,7668.0,22420.0,22148.0,8979.0,16833.0,14219.0
12702.0,16057.0,20531.0,7678.0,22428.0,22155.0,8986.0,16853.0,14234.0
12709.0,16063.0,20546.0,7683.0,22448.0,22162.0,8993.0,16864.0,14250.0
12717.0,16068.0,20557.0,7688.0,22463.0,22170.0,8999.0,16876.0,14262.0
12728.0,16077.0,20569.0,7696.0,22480.0,22179.0,9004.0,16886.0,14278.0
12742.0,16085.0,20577.0,7704.0,22495.0,22181.0,9013.0,16902.0,14294.0
12754.0,16094.0,20583.0,7712.0,22511.0,22192.0,9024.0,16911.0,14311.0
12765.0,16098.0,20601.0,7722.0,22527.0,22207.0,9038.0,16923.0,14325.0
12772.0,16108.0,20607.0,7729.0,22546.0,22222.0,9052.0,16938.0,14340.0
12780.0,16118.0,20619.0,7733.0,22566.0,22230.0,9059.0,16953.0,14361.0
12792.0,16125.0,20634.0,7741.0,22584.0,22241.0,9067.0,16967.0,14377.0
12805.0,16132.0,20647.0,7744.0,22606.0,22250.0,9077.0,16979.0,14385.0
12820.0,16144.0,20658.0,7757.0,22620.0,22265.0,9084.0,16994.0,14392.0
12835.0,16155.0,20663.0,7764.0,22642.0,22277.0,9089.0,17014.0,14411.0
12842.0,16167.0,20675.0,7773.0,22667.0,22289.0,9100.0,17023.0,14429.0
12848.0,16178.0,20687.0,7783.0,22687.0,22297.0,9113.0,17039.0,14448.0
12862.0,16195.0,20695.0,7790.0,22704.0,22310.0,9134.0,17056.0,14465.0
12875.0,16212.0,20705.0,7798.0,22724.0,22321.0,9143.0,17072.0,14481.0
12885.0,16228.0,20718.0,7802.0,22746.0,22335.0,9153.0,17087.0,14500.0
12895.0,16243.0,20729.0,7810.0,22767.0,22351.0,9172.0,17109.0,14510.0
12911.0,16259.0,20748.0,7820.0,22784.0,22368.0,9185.0,17118.0,14533.0
12926.0,16274.0,20759.0,7832.0,22813.0,22391.0,9201.0,17136.0,14551.0
12936.0,16296.0,20768.0,7838.0,22831.0,22407.0,9220.0,17150.0,14569.0
12944.0,16311.0,20778.0,7845.0,22850.0,22430.0,9230.0,17162.0,14589.0
12963.0,16326.0,20789.0,7858.0,22876.0,22456.0,9244.0,17175.0,14603.0
12980.0,16342.0,20805.0,7866.0,22895.0,22477.0,9259.0,17190.0,14622.0
12993.0,16354.0,20820.0,7878.0,22905.0,22497.0,9271.0,17211.0,14639.0
13003.0,16371.0,20829.0,7892.0,22936.0,22510.0,9286.0,17223.0,14653.0
13011.0,16377.0,20840.0,7899.0,22963.0,22528.0,9297.0,17237.0,14682.0
13020.0,16389.0,20855.0,7913.0,22972.0,22549.0,9313.0,17257.0,14697.0
13030.0,16399.0,20872.0,7921.0,23001.0,22568.0,9326.0,17266.0,14717.0
13043.0,16410.0,20885.0,7928.0,23015.0,22589.0,9336.0,17285.0,14732.0
13059.0,16423.0,20903.0,7935.0,23038.0,22608.0,9344.0,17300.0,14741.0
13067.0,16437.0,20914.0,7947.0,23055.0,22626.0,9361.0,17312.0,14763.0
13078.0,16453.0,20932.0,7953.0,23080.0,22641.0,9370.0,17328.0,14776.0
13088.0,16464.0,20946.0,7966.0,23098.0,22654.0,9383.0,17348.0,14792.0
13101.0,16476.0,20954.0,7973.0,23114.0,22669.0,9396.0,17358.0,14805.0
13113.0,16487.0,20968.0,7981.0,23135.0,22684.0,9401.0,17370.0,14824.0
13122.0,16499.0,20977.0,7985.0,23149.0,22701.0,9417.0,17383.0,14838.0
13143.0,16514.0,20990.0,7991.0,23180.0,22714.0,9433.0,17392.0,14850.0
13157.0,16524.0,21000.0,7998.0,23209.0,22731.0,9446.0,17413.0,14863.0
13170.0,16534.0,21008.0,8002.0,23231.0,22745.0,9454.0,17419.0,14873.0
13191.0,16544.0,21014.0,8006.0,23251.0,22759.0,9463.0,17428.0,14886.0
13203.0,16559.0,21023.0,8011.0,23264.0,22773.0,9472.0,17442.0,14902.0
13214.0,16570.0,21035.0,8023.0,23281.0,22784.0,9481.0,17454.0,14912.0
13224.0,16588.0,21043.0,8027.0,23289.0,22793.0,9495.0,17467.0,14926.0
13231.0,16601.0,21055.0,8036.0,23300.0,22804.0,9508.0,17483.0,14934.0
13251.0,16615.0,21067.0,8041.0,23315.0,22815.0,9523.0,17497.0,14947.0
13261.0,16622.0,21081.0,8048.0,23325.0,22835.0,9530.0,17504.0,14970.0
13273.0,16633.0,21092.0,8052.0,23341.0,22847.0,9542.0,17522.0,14986.0
13282.0,16645.0,21101.0,8057.0,23357.0,22863.0,9549.0,17538.0,14998.0
13293.0,16658.0,21111.0,8062.0,23376.0,22876.0,9560.0,17547.0,15004.0
13305.0,16669.0,21124.0,8068.0,23395.0,22890.0,9571.0,17555.0,15014.0
13327.0,16680.0,21133.0,8073.0,23409.0,22899.0,9581.0,17573.0,15033.0
13337.0,16689.0,21151.0,8078.0,23425.0,22922.0,9588.0,17585.0,15042.0
13349.0,16700.0,21161.0,8090.0,23437.0,22939.0,9602.0,17593.0,15053.0
13364.0,16711.0,21170.0,8095.0,23448.0,22958.0,9606.0,17603.0,15063.0
13377.0,16726.0,21186.0,8099.0,23462.0,22976.0,9612.0,17622.0,15081.0
13389.0,16744.0,21201.0,8106.0,23484.0,22989.0,9622.0,17638.0,15097.0
13401.0,16752.0,21214.0,8110.0,23496.0,23000.0,9634.0,17650.0,15108.0
13418.0,16762.0,21233.0,8113.0,23508.0,23015.0,9642.0,17667.0,15118.0
13430.0,16772.0,21245.0,8120.0,23526.0,23030.0,9647.0,17679.0,15126.0
13439.0,16785.0,21257.0,8124.0,23544.0,23043.0,9663.0,17694.0,15137.0
13445.0,16795.0,21268.0,8132.0,23557.0,23066.0,9673.0,17714.0,15143.0
13456.0,16804.0,21287.0,8136.0,23572.0,23079.0,9684.0,17725.0,15148.0
13468.0,16813.0,21299.0,8142.0,23582.0,23094.0,9692.0,17732.0,15155.0
13484.0,16822.0,21322.0,8149.0,23601.0,23104.0,9705.0,17744.0,15167.0
13494.0,16832.0,21337.0,8154.0,23615.0,23117.0,9714.0,17751.0,15179.0
13504.0,16841.0,21357.0,8158.0,23636.0,23142.0,9729.0,17762.0,15188.0
13511.0,16847.0,21368.0,8163.0,23656.0,23154.0,9741.0,17781.0,15195.0
13519.0,16859.0,21380.0,8166.0,23671.0,23172.0,9755.0,17789.0,15203.0
13534.0,16874.0,21394.0,8171.0,23684.0,23183.0,9770.0,17801.0,15217.0
13548.0,16881.0,21410.0,8179.0,23694.0,23199.0,9780.0,17808.0,15221.0
13556.0,16891.0,21428.0,8184.0,23710.0,23213.0,9791.0,17820.0,15229.0
13572.0,16908.0,21439.0,8192.0,23732.0,23223.0,9799.0,17833.0,15235.0
13582.0,16918.0,21453.0,8203.0,23742.0,23234.0,9807.0,17841.0,15245.0
13597.0,16931.0,21473.0,8211.0,23759.0,23251.0,9816.0,17855.0,15255.0
13610.0,16952.0,21497.0,8217.0,23779.0,23264.0,9826.0,17863.0,15264.0
13620.0,16966.0,21521.0,8219.0,23793.0,23277.0,9831.0,17878.0,15271.0
13627.0,16973.0,21535.0,8226.0,23805.0,23294.0,9837.0,17888.0,15288.0
13639.0,16982.0,21558.0,8229.0,23817.0,23304.0,9846.0,17900.0,15299.0
13653.0,16993.0,21583.0,8233.0,23831.0,23323.0,9853.0,17911.0,15309.0
13671.0,17010.0,21608.0,8240.0,23851.0,23338.0,9868.0,17919.0,15320.0
13680.0,17024.0,21636.0,8243.0,23865.0,23351.0,9878.0,17931.0,15324.0
13693.0,17041.0,21670.0,8251.0,23892.0,23368.0,9894.0,17947.0,15332.0
13709.0,17052.0,21687.0,8257.0,23916.0,23389.0,9905.0,17964.0,15342.0
13725.0,17067.0,21720.0,8262.0,23944.0,23409.0,9915.0,17978.0,15353.0
13737.0,17084.0,21760.0,8264.0,23963.0,23423.0,9922.0,17995.0,15368.0
13746.0,17101.0,21790.0,8272.0,23987.0,23442.0,9940.0,18010.0,15381.0
13766.0,17120.0,21817.0,8279.0,24013.0,23461.0,9948.0,18031.0,15392.0
13780.0,17147.0,21841.0,8286.0,24044.0,23482.0,9959.0,18043.0,15406.0
13795.0,17165.0,21880.0,8293.0,24086.0,23497.0,9969.0,18067.0,15421.0
13815.0,17183.0,21912.0,8299.0,24126.0,23521.0,9984.0,18090.0,15449.0
13831.0,17206.0,21947.0,8308.0,24167.0,23539.0,9996.0,18108.0,15465.0
13850.0,17221.0,21982.0,8316.0,24207.0,23567.0,10011.0,18129.0,15484.0
13870.0,17250.0,22017.0,8328.0,24237.0,23585.0,10024.0,18151.0,15507.0
13894.0,17279.0,22057.0,8336.0,24266.0,23604.0,10033.0,18173.0,15529.0
13909.0,17294.0,22088.0,8354.0,24300.0,23634.0,10050.0,18190.0,15552.0
13925.0,17318.0,22126.0,8363.0,24331.0,23657.0,10059.0,18213.0,15570.0
13940.0,17345.0,22166.0,8376.0,24366.0,23676.0,10071.0,18238.0,15587.0
13956.0,17359.0,22204.0,8387.0,24402.0,23707.0,10085.0,18263.0,15613.0
13974.0,17376.0,22239.0,8405.0,24439.0,23732.0,10100.0,18287.0,15635.0
13989.0,17399.0,22264.0,8417.0,24472.0,23757.0,10114.0,18310.0,15662.0
14012.0,17419.0,22297.0,8435.0,24505.0,23782.0,10122.0,18329.0,15685.0
14029.0,17448.0,22317.0,8446.0,24533.0,23804.0,10136.0,18352.0,15701.0
14041.0,17465.0,22339.0,8464.0,24557.0,23830.0,10147.0,18368.0,15722.0
14061.0,17487.0,22373.0,8480.0,24591.0,23856.0,10158.0,18388.0,15752.0
14085.0,17510.0,22401.0,8497.0,24624.0,23882.0,10165.0,18406.0,15771.0
14106.0,17530.0,22421.0,8512.0,24656.0,23895.0,10180.0,18428.0,15794.0
14121.0,17552.0,22449.0,8527.0,24694.0,23922.0,10196.0,18452.0,15813.0
14136.0,17571.0,22470.0,8535.0,24716.0,23932.0,10216.0,18473.0,15833.0
14161.0,17591.0,22494.0,8546.0,24737.0,23953.0,10228.0,18493.0,15854.0
14182.0,17606.0,22510.0,8558.0,24771.0,23975.0,10241.0,18515.0,15878.0
14198.0,17620.0,22530.0,8576.0,24797.0,23995.0,10255.0,18529.0,15899.0
14207.0,17640.0,22550.0,8585.0,24826.0,24006.0,10267.0,18556.0,15922.0
14221.0,17658.0,22569.0,8596.0,24854.0,24029.0,10289.0,18577.0,15935.0
14238.0,17678.0,22582.0,8609.0,24876.0,24055.0,10302.0,18603.0,15963.0
14257.0,17692.0,22599.0,8628.0,24907.0,24086.0,10312.0,18621.0,15974.0
14281.0,17709.0,22618.0,8636.0,24924.0,24110.0,10329.0,18647.0,15986.0
14299.0,17725.0,22630.0,8649.0,24952.0,24135.0,10352.0,18661.0,16000.0
14319.0,17745.0,22652.0,8660.0,24964.0,24149.0,10365.0,18680.0,16013.0
14329.0,17760.0,22664.0,8670.0,24997.0,24175.0,10377.0,18699.0,16028.0
14335.0,17774.0,22673.0,8677.0,25019.0,24197.0,10398.0,18717.0,16041.0
14339.0,17795.0,22688.0,8684.0,25037.0,24217.0,10407.0,18732.0,16056.0
14350.0,17806.0,22697.0,8694.0,25056.0,24242.0,10417.0,18758.0,16070.0
14360.0,17824.0,22705.0,8703.0,25069.0,24265.0,10432.0,18768.0,16082.0
14370.0,17840.0,22715.0,8715.0,25078.0,24281.0,10441.0,18780.0,16094.0
14382.0,17851.0,22729.0,8721.0,25094.0,24306.0,10453.0,18795.0,16104.0
14400.0,17872.0,22737.0,8728.0,25107.0,24332.0,10462.0,18808.0,16116.0
14407.0,17880.0,22752.0,8734.0,25125.0,24355.0,10470.0,18822.0,16127.0
14418.0,17898.0,22768.0,8741.0,25137.0,24377.0,10482.0,18835.0,16147.0
14426.0,17918.0,22777.0,8743.0,25150.0,24399.0,10489.0,18845.0,16159.0
14437.0,17931.0,22787.0,8750.0,25165.0,24415.0,10506.0,18856.0,16169.0
14445.0,17941.0,22800.0,8757.0,25181.0,24427.0,10520.0,18872.0,16177.0
14455.0,17951.0,22809.0,8763.0,25194.0,24449.0,10526.0,18887.0,16188.0
14470.0,17960.0,22813.0,8766.0,25205.0,24467.0,10537.0,18898.0,16204.0
14478.0,17971.0,22824.0,8772.0,25216.0,24491.0,10552.0,18906.0,16216.0
14490.0,17980.0,22838.0,8775.0,25227.0,24511.0,10560.0,18918.0,16221.0
14503.0,17988.0,22847.0,8779.0,25234.0,24528.0,10575.0,18930.0,16228.0
14508.0,18000.0,22854.0,8780.0,25250.0,24547.0,10584.0,18942.0,16238.0
14516.0,18013.0,22862.0,8784.0,25266.0,24556.0,10595.0,18955.0,16251.0
14528.0,18026.0,22869.0,8789.0,25272.0,24574.0,10605.0,18969.0,16256.0
14537.0,18035.0,22875.0,8792.0,25282.0,24593.0,10613.0,18977.0,16265.0
14545.0,18045.0,22889.0,8798.0,25289.0,24610.0,10625.0,18986.0,16274.0
14551.0,18058.0,22892.0,8800.0,25308.0,24623.0,10633.0,19001.0,16277.0
14555.0,18068.0,22900.0,8805.0,25324.0,24642.0,10637.0,19008.0,16286.0
14565.0,18085.0,22909.0,8814.0,25335.0,24672.0,10643.0,19019.0,16291.0
14572.0,18096.0,22916.0,8818.0,25348.0,24689.0,10649.0,19030.0,16298.0
14581.0,18109.0,22924.0,8823.0,25358.0,24702.0,10659.0,19041.0,16305.0
14588.0,18117.0,22928.0,8830.0,25364.0,24722.0,10667.0,19055.0,16312.0
14598.0,18123.0,22936.0,8832.0,25370.0,24734.0,10675.0,19063.0,16316.0
14609.0,18130.0,22944.0,8835.0,25391.0,24748.0,10684.0,19071.0,16326.0
14616.0,18140.0,22955.0,8839.0,25400.0,24772.0,10699.0,19081.0,16336.0
14625.0,18152.0,22962.0,8842.0,25412.0,24786.0,10705.0,19095.0,16347.0
14631.0,18167.0,22968.0,8845.0,25421.0,24800.0,10720.0,19108.0,16357.0
14646.0,18180.0,22979.0,8846.0,25430.0,24816.0,10734.0,19121.0,16362.0
14653.0,18190.0,22995.0,8848.0,25436.0,24830.0,10749.0,19136.0,16378.0
14661.0,18201.0,23003.0,8852.0,25444.0,24846.0,10757.0,19144.0,16388.0
14677.0,18214.0,23013.0,8855.0,25458.0,24874.0,10774.0,19150.0,16396.0
14687.0,18228.0,23021.0,8855.0,25468.0,24896.0,10790.0,19163.0,16403.0
14690.0,18242.0,23035.0,8861.0,25487.0,24914.0,10801.0,19173.0,16415.0
14699.0,18253.0,23046.0,8863.0,25498.0,24934.0,10821.0,19184.0,16425.0
14711.0,18267.0,23058.0,8868.0,25511.0,24955.0,10837.0,19196.0,16442.0
14723.0,18282.0,23071.0,8871.0,25531.0,24970.0,10854.0,19207.0,16457.0
14732.0,18292.0,23083.0,8874.0,25543.0,24999.0,10869.0,19222.0,16480.0
14746.0,18306.0,23091.0,8880.0,25565.0,25014.0,10886.0,19238.0,16490.0
14753.0,18323.0,23102.0,8886.0,25584.0,25041.0,10900.0,19246.0,16504.0
14766.0,18336.0,23109.0,8890.0,25598.0,25069.0,10924.0,19254.0,16515.0
14780.0,18352.0,23117.0,8896.0,25611.0,25092.0,10939.0,19267.0,16526.0
14791.0,18371.0,23129.0,8900.0,25635.0,25111.0,10955.0,19289.0,16537.0
14800.0,18392.0,23138.0,8903.0,25649.0,25133.0,10975.0,19305.0,16552.0
14816.0,18407.0,23144.0,8910.0,25663.0,25156.0,10999.0,19315.0,16564.0
14829.0,18426.0,23155.0,8916.0,25686.0,25176.0,11015.0,19328.0,16579.0
14840.0,18444.0,23166.0,8922.0,25713.0,25195.0,11038.0,19342.0,16605.0
14850.0,18463.0,23178.0,8929.0,25730.0,25227.0,11061.0,19354.0,16623.0
14862.0,18483.0,23192.0,8936.0,25747.0,25251.0,11089.0,19369.0,16639.0
14879.0,18507.0,23207.0,8942.0,25768.0,25277.0,11109.0,19388.0,16654.0
14892.0,18530.0,23220.0,8950.0,25789.0,25299.0,11136.0,19403.0,16682.0
14904.0,18548.0,23238.0,8960.0,25810.0,25321.0,11163.0,19417.0,16695.0
14919.0,18569.0,23245.0,8966.0,25830.0,25333.0,11193.0,19433.0,16711.0
14938.0,18586.0,23256.0,8979.0,25850.0,25366.0,11217.0,19445.0,16723.0
14954.0,18596.0,23274.0,8985.0,25870.0,25398.0,11236.0,19465.0,16746.0
14974.0,18626.0,23292.0,8990.0,25893.0,25432.0,11261.0,19485.0,16759.0
14989.0,18644.0,23301.0,9002.0,25920.0,25474.0,11294.0,19501.0,16783.0
15000.0,18667.0,23312.0,9009.0,25936.0,25501.0,11311.0,19514.0,16806.0
15014.0,18684.0,23323.0,9017.0,25953.0,25530.0,11336.0,19529.0,16830.0
15033.0,18697.0,23339.0,9027.0,25966.0,25551.0,11361.0,19551.0,16850.0
15048.0,18724.0,23352.0,9034.0,25986.0,25578.0,11379.0,19578.0,16857.0
15065.0,18738.0,23368.0,9042.0,26013.0,25610.0,11402.0,19607.0,16875.0
15082.0,18754.0,23383.0,9052.0,26036.0,25637.0,11418.0,19623.0,16896.0
15096.0,18764.0,23391.0,9061.0,26053.0,25662.0,11444.0,19639.0,16916.0
15108.0,18778.0,23403.0,9070.0,26078.0,25682.0,11456.0,19655.0,16936.0
15119.0,18793.0,23416.0,9077.0,26093.0,25698.0,11476.0,19673.0,16956.0
15130.0,18807.0,23428.0,9085.0,26111.0,25719.0,11506.0,19688.0,16973.0
15145.0,18822.0,23441.0,9089.0,26133.0,25739.0,11521.0,19699.0,16988.0
15156.0,18840.0,23451.0,9095.0,26155.0,25766.0,11538.0,19714.0,16999.0
15167.0,18852.0,23464.0,9103.0,26167.0,25792.0,11559.0,19730.0,17014.0
15178.0,18874.0,23473.0,9108.0,26185.0,25817.0,11571.0,19746.0,17024.0
15191.0,18889.0,23484.0,9113.0,26200.0,25842.0,11591.0,19756.0,17034.0
15202.0,18901.0,23490.0,9114.0,26215.0,25860.0,11599.0,19777.0,17048.0
15210.0,18917.0,23502.0,9120.0,26227.0,25878.0,11607.0,19788.0,17063.0
15216.0,18921.0,23507.0,9128.0,26242.0,25897.0,11619.0,19803.0,17074.0
15224.0,18938.0,23517.0,9136.0,26261.0,25909.0,11638.0,19818.0,17083.0
15233.0,18952.0,23525.0,9145.0,26278.0,25923.0,11652.0,19832.0,17094.0
15238.0,18962.0,23528.0,9149.0,26290.0,25938.0,11660.0,19848.0,17102.0
15245.0,18974.0,23533.0,9151.0,26303.0,25952.0,11669.0,19864.0,17116.0
15252.0,18988.0,23546.0,9156.0,26326.0,25959.0,11677.0,19872.0,17133.0
15266.0,19001.0,23552.0,9160.0,26342.0,25971.0,11682.0,19881.0,17146.0
15273.0,19013.0,23564.0,9167.0,26357.0,25984.0,11693.0,19885.0,17149.0
15280.0,19027.0,23571.0,9169.0,26364.0,25992.0,11703.0,19898.0,17160.0
15288.0,19036.0,23576.0,9175.0,26374.0,26003.0,11710.0,19907.0,17167.0
15295.0,19046.0,23582.0,9180.0,26395.0,26018.0,11716.0,19919.0,17175.0
15306.0,19064.0,23590.0,9185.0,26402.0,26034.0,11719.0,19926.0,17183.0
15310.0,19075.0,23595.0,9191.0,26413.0,26052.0,11724.0,19935.0,17188.0
15323.0,19082.0,23600.0,9197.0,26423.0,26067.0,11728.0,19940.0,17196.0
15331.0,19095.0,23609.0,9200.0,26434.0,26079.0,11738.0,19954.0,17203.0
15337.0,19105.0,23611.0,9205.0,26440.0,26089.0,11741.0,19963.0,17210.0
15343.0,19115.0,23616.0,9209.0,26446.0,26095.0,11746.0,19972.0,17214.0
15345.0,19128.0,23622.0,9213.0,26452.0,26110.0,11755.0,19975.0,17222.0
15354.0,19136.0,23628.0,9214.0,26461.0,26116.0,11757.0,19981.0,17229.0
15359.0,19141.0,23632.0,9219.0,26474.0,26121.0,11760.0,19993.0,17238.0
15365.0,19145.0,23634.0,9221.0,26481.0,26129.0,11768.0,19999.0,17247.0
15372.0,19160.0,23637.0,9225.0,26484.0,26139.0,11771.0,20007.0,17249.0
15381.0,19168.0,23639.0,9226.0,26490.0,26144.0,11772.0,20010.0,17252.0
15383.0,19171.0,23641.0,9230.0,26492.0,26146.0,11774.0,20014.0,17258.0
15389.0,19178.0,23644.0,9235.0,26502.0,26153.0,11775.0,20023.0,17265.0
15391.0,19181.0,23649.0,9239.0,26504.0,26159.0,11780.0,20028.0,17269.0
15400.0,19187.0,23656.0,9240.0,26505.0,26165.0,11785.0,20032.0,17274.0
15408.0,19194.0,23660.0,9242.0,26518.0,26170.0,11789.0,20035.0,17280.0
15414.0,19196.0,23665.0,9244.0,26523.0,26177.0,11791.0,20040.0,17285.0
15416.0,19197.0,23670.0,9244.0,26526.0,26181.0,11795.0,20044.0,17288.0
15421.0,19199.0,23677.0,9246.0,26532.0,26186.0,11799.0,20050.0,17291.0
15424.0,19204.0,23687.0,9248.0,26538.0,26191.0,11800.0,20053.0,17295.0
15427.0,19211.0,23689.0,9250.0,26541.0,26194.0,11806.0,20055.0,17298.0
15428.0,19214.0,23691.0,9251.0,26546.0,26198.0,11808.0,20058.0,17301.0
15429.0,19219.0,23696.0,9256.0,26551.0,26203.0,11812.0,20067.0,17304.0
15432.0,19225.0,23699.0,9257.0,26561.0,26210.0,11816.0,20072.0,17307.0
15433.0,19229.0,23701.0,9258.0,26565.0,26212.0,11819.0,20073.0,17312.0
15437.0,19235.0,23706.0,9259.0,26569.0,26216.0,11823.0,20080.0,17315.0
15438.0,19239.0,23708.0,9262.0,26571.0,26219.0,11827.0,20080.0,17318.0
15439.0,19245.0,23713.0,9265.0,26575.0,26226.0,11827.0,20085.0,17320.0
15442.0,19249.0,23714.0,9267.0,26576.0,26229.0,11830.0,20090.0,17321.0
15447.0,19256.0,23717.0,9267.0,26577.0,26236.0,11835.0,20095.0,17326.0
15450.0,19258.0,23722.0,9272.0,26582.0,26239.0,11837.0,20096.0,17327.0
15452.0,19262.0,23727.0,9274.0,26588.0,26243.0,11841.0,20098.0,17330.0
15454.0,19266.0,23730.0,9276.0,26589.0,26247.0,11842.0,20099.0,17330.0
15457.0,19269.0,23734.0,9278.0,26594.0,26254.0,11846.0,20099.0,17333.0
15457.0,19277.0,23734.0,9281.0,26599.0,26258.0,11849.0,20102.0,17334.0
15461.0,19282.0,23736.0,9283.0,26606.0,26261.0,11852.0,20106.0,17338.0
15464.0,19286.0,23737.0,9286.0,26611.0,26263.0,11854.0,20109.0,17343.0
15468.0,19290.0,23745.0,9287.0,26615.0,26268.0,11854.0,20109.0,17344.0
15471.0,19291.0,23751.0,9289.0,26617.0,26276.0,11861.0,20114.0,17349.0
15473.0,19297.0,23756.0,9291.0,26625.0,26282.0,11864.0,20119.0,17353.0
15478.0,19301.0,23760.0,9292.0,26627.0,26293.0,11868.0,20120.0,17357.0
15483.0,19309.0,23766.0,9295.0,26632.0,26297.0,11870.0,20121.0,17358.0
15489.0,19313.0,23769.0,9295.0,26638.0,26302.0,11874.0,20127.0,17360.0
15492.0,19319.0,23773.0,9296.0,26642.0,26310.0,11879.0,20130.0,17367.0
15493.0,19325.0,23780.0,9300.0,26648.0,26316.0,11882.0,20133.0,17370.0
15494.0,19332.0,23788.0,9303.0,26660.0,26327.0,11885.0,20140.0,17375.0
15498.0,19336.0,23797.0,9304.0,26666.0,26331.0,11890.0,20147.0,17379.0
15503.0,19341.0,23801.0,9304.0,26673.0,26335.0,11894.0,20152.0,17382.0
15509.0,19351.0,23808.0,9306.0,26680.0,26343.0,11904.0,20154.0,17387.0
15517.0,19355.0,23816.0,9307.0,26685.0,26358.0,11908.0,20161.0,17392.0
15524.0,19360.0,23823.0,9309.0,26693.0,26363.0,11912.0,20164.0,17396.0
15531.0,19369.0,23826.0,9314.0,26700.0,26370.0,11917.0,20166.0,17400.0
15539.0,19375.0,23834.0,9318.0,26710.0,26385.0,11923.0,20172.0,17403.0
15542.0,19383.0,23838.0,9321.0,26719.0,26391.0,11929.0,20180.0,17409.0
15549.0,19392.0,23841.0,9323.0,26725.0,26404.0,11934.0,20184.0,17422.0
15551.0,19400.0,23851.0,9328.0,26738.0,26413.0,11941.0,20189.0,17430.0
15558.0,19409.0,23858.0,9332.0,26740.0,26421.0,11947.0,20193.0,17436.0
15565.0,19421.0,23867.0,9335.0,26747.0,26429.0,11954.0,20201.0,17447.0
15572.0,19426.0,23879.0,9340.0,26764.0,26442.0,11963.0,20209.0,17454.0
15576.0,19437.0,23889.0,9348.0,26772.0,26461.0,11972.0,20221.0,17462.0
15583.0,19446.0,23901.0,9354.0,26784.0,26477.0,11981.0,20228.0,17468.0
15596.0,19456.0,23910.0,9358.0,26795.0,26487.0,11987.0,20242.0,17476.0
15605.0,19466.0,23921.0,9363.0,26802.0,26505.0,11995.0,20260.0,17481.0
15614.0,19478.0,23932.0,9366.0,26809.0,26523.0,12005.0,20271.0,17487.0
15621.0,19493.0,23945.0,9369.0,26821.0,26538.0,12016.0,20285.0,17497.0
15631.0,19510.0,23957.0,9374.0,26835.0,26558.0,12032.0,20298.0,17510.0
15639.0,19520.0,23970.0,9380.0,26849.0,26576.0,12044.0,20316.0,17521.0
15651.0,19532.0,23975.0,9384.0,26864.0,26589.0,12059.0,20327.0,17535.0
15661.0,19544.0,23986.0,9388.0,26873.0,26603.0,12070.0,20341.0,17541.0
15671.0,19552.0,23999.0,9390.0,26889.0,26618.0,12086.0,20356.0,17546.0
15689.0,19565.0,24016.0,9397.0,26907.0,26642.0,12098.0,20367.0,17560.0
15703.0,19580.0,24029.0,9400.0,26919.0,26654.0,12103.0,20378.0,17574.0
15726.0,19601.0,24044.0,9410.0,26938.0,26694.0,12119.0,20407.0,17594.0
15748.0,19624.0,24064.0,9420.0,26950.0,26719.0,12139.0,20423.0,17618.0
15756.0,19635.0,24076.0,9429.0,26967.0,26730.0,12153.0,20434.0,17628.0
15769.0,19649.0,24085.0,9434.0,26975.0,26740.0,12163.0,20448.0,17633.0
15782.0,19655.0,24098.0,9440.0,26992.0,26755.0,12172.0,20461.0,17642.0
15792.0,19668.0,24105.0,9446.0,26998.0,26778.0,12183.0,20478.0,17655.0
15803.0,19678.0,24117.0,9451.0,27010.0,26789.0,12190.0,20494.0,17664.0
15819.0,19688.0,24128.0,9456.0,27024.0,26803.0,12193.0,20503.0,17677.0
15829.0,19706.0,24142.0,9461.0,27039.0,26821.0,12198.0,20511.0,17683.0
15842.0,19722.0,24153.0,9464.0,27053.0,26839.0,12206.0,20523.0,17693.0
15850.0,19734.0,24161.0,9469.0,27068.0,26853.0,12216.0,20539.0,17706.0
15857.0,19741.0,24169.0,9471.0,27079.0,26864.0,12222.0,20545.0,17713.0
15866.0,19749.0,24173.0,9477.0,27089.0,26876.0,12229.0,20558.0,17724.0
15871.0,19757.0,24181.0,9485.0,27097.0,26890.0,12237.0,20565.0,17733.0
15877.0,19762.0,24195.0,9492.0,27104.0,26903.0,12247.0,20576.0,17746.0
15889.0,19773.0,24207.0,9501.0,27122.0,26915.0,12256.0,20582.0,17756.0
15894.0,19784.0,24213.0,9506.0,27134.0,26923.0,12260.0,20595.0,17763.0
15902.0,19792.0,24217.0,9512.0,27141.0,26938.0,12267.0,20602.0,17770.0
15907.0,19794.0,24225.0,9514.0,27149.0,26950.0,12272.0,20610.0,17776.0
15915.0,19803.0,24237.0,9518.0,27170.0,26959.0,12279.0,20618.0,17785.0
15923.0,19812.0,24251.0,9524.0,27180.0,26972.0,12288.0,20624.0,17791.0
15926.0,19824.0,24259.0,9526.0,27194.0,26982.0,12298.0,20632.0,17799.0
15933.0,19829.0,24265.0,9533.0,27206.0,26991.0,12302.0,20640.0,17805.0
15945.0,19838.0,24277.0,9536.0,27219.0,26999.0,12307.0,20646.0,17823.0
15950.0,19848.0,24288.0,9541.0,27232.0,27014.0,12319.0,20661.0,17833.0
15957.0,19853.0,24300.0,9543.0,27248.0,27027.0,12326.0,20674.0,17835.0
15967.0,19860.0,24306.0,9550.0,27256.0,27038.0,12332.0,20684.0,17838.0
15974.0,19869.0,24311.0,9551.0,27265.0,27046.0,12337.0,20699.0,17849.0
15983.0,19872.0,24319.0,9553.0,27277.0,27055.0,12338.0,20710.0,17855.0
15990.0,19877.0,24325.0,9560.0,27281.0,27064.0,12342.0,20713.0,17860.0
15998.0,19886.0,24330.0,9565.0,27287.0,27073.0,12343.0,20717.0,17866.0
16004.0,19895.0,24338.0,9566.0,27290.0,27083.0,12351.0,20722.0,17869.0
16008.0,19904.0,24346.0,9568.0,27302.0,27097.0,12357.0,20729.0,17873.0
16014.0,19911.0,24352.0,9572.0,27307.0,27103.0,12365.0,20735.0,17875.0
16021.0,19914.0,24357.0,9574.0,27319.0,27114.0,12371.0,20742.0,17879.0
16028.0,19921.0,24363.0,9581.0,27327.0,27120.0,12377.0,20751.0,17887.0
16032.0,19926.0,24367.0,9582.0,27334.0,27126.0,12381.0,20756.0,17892.0
16039.0,19931.0,24372.0,9583.0,27339.0,27130.0,12387.0,20758.0,17898.0
16043.0,19934.0,24377.0,9585.0,27342.0,27135.0,12391.0,20764.0,17900.0
16051.0,19939.0,24382.0,9588.0,27346.0,27143.0,12397.0,20771.0,17907.0
16057.0,19947.0,24385.0,9592.0,27353.0,27154.0,12406.0,20775.0,17909.0
16062.0,19950.0,24393.0,9595.0,27356.0,27161.0,12412.0,20778.0,17915.0
16066.0,19956.0,24397.0,9596.0,27361.0,27163.0,12415.0,20787.0,17916.0
16074.0,19960.0,24403.0,9600.0,27368.0,27173.0,12420.0,20794.0,17922.0
16080.0,19965.0,24409.0,9603.0,27371.0,27177.0,12422.0,20799.0,17923.0
16083.0,19976.0,24412.0,9605.0,27376.0,27182.0,12427.0,20804.0,17926.0
16087.0,19981.0,24412.0,9605.0,27384.0,27188.0,12429.0,20813.0,17932.0
16091.0,19986.0,24416.0,9606.0,27391.0,27195.0,12430.0,20816.0,17936.0
16093.0,19989.0,24420.0,9606.0,27398.0,27199.0,12432.0,20820.0,17941.0
16094.0,19992.0,24422.0,9606.0,27405.0,27203.0,12434.0,20824.0,17946.0
16099.0,20003.0,24425.0,9606.0,27413.0,27211.0,12438.0,20828.0,17952.0
16100.0,20009.0,24428.0,9611.0,27415.0,27220.0,12444.0,20830.0,17956.0
16106.0,20011.0,24431.0,9612.0,27419.0,27225.0,12444.0,20833.0,17962.0
16107.0,20015.0,24432.0,9613.0,27424.0,27231.0,12447.0,20839.0,17970.0
16110.0,20017.0,24435.0,9614.0,27428.0,27232.0,12448.0,20840.0,17973.0
16115.0,20019.0,24442.0,9615.0,27434.0,27235.0,12449.0,20844.0,17977.0
16122.0,20024.0,24446.0,9615.0,27438.0,27244.0,12453.0,20851.0,17984.0
16128.0,20025.0,24449.0,9618.0,27442.0,27254.0,12455.0,20856.0,17988.0
16132.0,20029.0,24453.0,9619.0,27445.0,27263.0,12457.0,20864.0,17993.0
16135.0,20033.0,24455.0,9622.0,27452.0,27270.0,12458.0,20865.0,17995.0
16136.0,20035.0,24457.0,9622.0,27456.0,27273.0,12461.0,20878.0,17998.0
16137.0,20039.0,24463.0,9623.0,27462.0,27276.0,12465.0,20881.0,18001.0
16142.0,20045.0,24465.0,9624.0,27467.0,27283.0,12471.0,20886.0,18005.0
16145.0,20048.0,24469.0,9628.0,27470.0,27286.0,12479.0,20899.0,18008.0
16146.0,20051.0,24472.0,9628.0,27477.0,27291.0,12482.0,20902.0,18013.0
16155.0,20056.0,24476.0,9630.0,27481.0,27299.0,12486.0,20907.0,18017.0
16158.0,20061.0,24477.0,9632.0,27487.0,27305.0,12493.0,20913.0,18024.0
16162.0,20062.0,24481.0,9636.0,27495.0,27308.0,12497.0,20918.0,18030.0
16165.0,20064.0,24487.0,9636.0,27502.0,27310.0,12504.0,20922.0,18031.0
16173.0,20067.0,24493.0,9638.0,27508.0,27318.0,12508.0,20929.0,18039.0
16182.0,20073.0,24496.0,9639.0,27519.0,27323.0,12512.0,20938.0,18049.0
16186.0,20084.0,24502.0,9643.0,27525.0,27333.0,12518.0,20940.0,18055.0
16192.0,20088.0,24508.0,9648.0,27534.0,27338.0,12522.0,20943.0,18066.0
16199.0,20091.0,24510.0,9651.0,27540.0,27347.0,12524.0,20952.0,18073.0
16202.0,20097.0,24518.0,9657.0,27547.0,27353.0,12530.0,20962.0,18082.0
16209.0,20103.0,24520.0,9658.0,27552.0,27363.0,12535.0,20973.0,18090.0
16217.0,20113.0,24524.0,9662.0,27562.0,27374.0,12541.0,20981.0,18098.0
16223.0,20120.0,24527.0,9668.0,27572.0,27393.0,12548.0,20993.0,18108.0
16235.0,20129.0,24533.0,9675.0,27584.0,27407.0,12560.0,20996.0,18118.0
16244.0,20144.0,24539.0,9679.0,27596.0,27418.0,12566.0,21005.0,18128.0
16251.0,20157.0,24545.0,9684.0,27609.0,27430.0,12573.0,21014.0,18142.0
16258.0,20175.0,24549.0,9689.0,27627.0,27438.0,12574.0,21022.0,18155.0
16274.0,20179.0,24555.0,9693.0,27638.0,27450.0,12582.0,21029.0,18171.0
16286.0,20186.0,24560.0,9698.0,27645.0,27467.0,12592.0,21033.0,18184.0
16295.0,20197.0,24571.0,9703.0,27662.0,27485.0,12599.0,21048.0,18195.0
16301.0,20217.0,24581.0,9706.0,27674.0,27513.0,12607.0,21060.0,18209.0
16311.0,20230.0,24591.0,9710.0,27683.0,27529.0,12622.0,21070.0,18223.0
16320.0,20241.0,24603.0,9717.0,27698.0,27547.0,12630.0,21085.0,18233.0
16324.0,20258.0,24612.0,9726.0,27705.0,27564.0,12640.0,21098.0,18239.0
16336.0,20269.0,24622.0,9728.0,27718.0,27583.0,12646.0,21109.0,18253.0
16345.0,20284.0,24637.0,9738.0,27722.0,27603.0,12658.0,21116.0,18264.0
16352.0,20295.0,24647.0,9743.0,27736.0,27622.0,12664.0,21125.0,18273.0
16358.0,20308.0,24654.0,9751.0,27746.0,27638.0,12673.0,21132.0,18284.0
16368.0,20328.0,24661.0,9752.0,27759.0,27657.0,12683.0,21149.0,18296.0
16384.0,20338.0,24672.0,9756.0,27776.0,27674.0,12691.0,21152.0,18304.0
16395.0,20346.0,24678.0,9758.0,27787.0,27690.0,12707.0,21164.0,18321.0
16405.0,20361.0,24686.0,9764.0,27799.0,27703.0,12714.0,21169.0,18331.0
16414.0,20376.0,24698.0,9769.0,27811.0,27723.0,12722.0,21173.0,18340.0
16419.0,20390.0,24709.0,9769.0,27823.0,27739.0,12735.0,21185.0,18354.0
16429.0,20397.0,24718.0,9773.0,27837.0,27747.0,12748.0,21191.0,18365.0
16439.0,20409.0,24730.0,9778.0,27849.0,27759.0,12756.0,21203.0,18378.0
16447.0,20422.0,24742.0,9781.0,27857.0,27771.0,12763.0,21207.0,18386.0
16456.0,20429.0,24752.0,9787.0,27870.0,27788.0,12770.0,21211.0,18395.0
16464.0,20445.0,24768.0,9792.0,27877.0,27802.0,12777.0,21220.0,18402.0
16477.0,20451.0,24773.0,9794.0,27885.0,27813.0,12781.0,21226.0,18411.0
16484.0,20455.0,24784.0,9799.0,27896.0,27822.0,12787.0,21233.0,18419.0
16494.0,20465.0,24789.0,9802.0,27904.0,27836.0,12792.0,21238.0,18426.0
16499.0,20474.0,24793.0,9808.0,27915.0,27847.0,12797.0,21249.0,18434.0
16509.0,20480.0,24808.0,9810.0,27930.0,27856.0,12805.0,21257.0,18440.0
16516.0,20489.0,24812.0,9818.0,27942.0,27864.0,12812.0,21261.0,18444.0
16526.0,20494.0,24818.0,9819.0,27943.0,27870.0,12822.0,21263.0,18451.0
16537.0,20505.0,24827.0,9822.0,27951.0,27880.0,12826.0,21268.0,18454.0
16544.0,20514.0,24831.0,9825.0,27956.0,27890.0,12834.0,21274.0,18460.0
16551.0,20519.0,24838.0,9826.0,27965.0,27895.0,12841.0,21279.0,18466.0
16555.0,20524.0,24845.0,9827.0,27971.0,27905.0,12845.0,21281.0,18473.0
16561.0,20528.0,24852.0,9834.0,27977.0,27912.0,12852.0,21288.0,18478.0
16562.0,20534.0,24855.0,9837.0,27983.0,27915.0,12857.0,21293.0,18483.0
16566.0,20541.0,24861.0,9841.0,27990.0,27920.0,12859.0,21299.0,18491.0
16568.0,20547.0,24869.0,9849.0,27996.0,27929.0,12864.0,21307.0,18495.0
16573.0,20556.0,24875.0,9855.0,28006.0,27935.0,12867.0,21314.0,18501.0
16575.0,20566.0,24884.0,9857.0,28014.0,27941.0,12869.0,21315.0,18504.0
16581.0,20575.0,24891.0,9859.0,28017.0,27949.0,12872.0,21319.0,18510.0
16586.0,20581.0,24896.0,9861.0,28024.0,27960.0,12880.0,21324.0,18513.0
16586.0,20586.0,24904.0,9867.0,28030.0,27965.0,12883.0,21331.0,18519.0
16590.0,20593.0,24911.0,9871.0,28035.0,27977.0,12885.0,21341.0,18523.0
16594.0,20598.0,24914.0,9873.0,28043.0,27983.0,12892.0,21343.0,18530.0
16602.0,20600.0,24918.0,9876.0,28049.0,27990.0,12897.0,21351.0,18530.0
16607.0,20607.0,24925.0,9877.0,28055.0,27998.0,12901.0,21353.0,18538.0
16612.0,20611.0,24928.0,9879.0,28060.0,28011.0,12904.0,21357.0,18542.0
16622.0,20616.0,24933.0,9880.0,28065.0,28012.0,12909.0,21361.0,18545.0
16625.0,20618.0,24938.0,9880.0,28072.0,28015.0,12912.0,21365.0,18553.0
16630.0,20627.0,24947.0,9882.0,28076.0,28022.0,12915.0,21367.0,18557.0
16638.0,20637.0,24952.0,9884.0,28081.0,28030.0,12918.0,21374.0,18558.0
16640.0,20641.0,24957.0,9885.0,28085.0,28041.0,12921.0,21378.0,18563.0
16646.0,20643.0,24964.0,9888.0,28091.0,28045.0,12925.0,21380.0,18566.0
16651.0,20647.0,24974.0,9890.0,28099.0,28048.0,12932.0,21385.0,18570.0
16655.0,20651.0,24980.0,9892.0,28105.0,28054.0,12935.0,21392.0,18574.0
16659.0,20655.0,24987.0,9893.0,28114.0,28060.0,12942.0,21397.0,18578.0
16661.0,20659.0,24992.0,9894.0,28118.0,28065.0,12944.0,21401.0,18581.0
16664.0,20662.0,25000.0,9897.0,28128.0,28076.0,12950.0,21410.0,18582.0
16671.0,20667.0,25007.0,9902.0,28133.0,28089.0,12955.0,21416.0,18588.0
16675.0,20676.0,25018.0,9905.0,28136.0,28099.0,12960.0,21423.0,18589.0
16679.0,20683.0,25027.0,9906.0,28146.0,28109.0,12967.0,21428.0,18593.0
16688.0,20692.0,25033.0,9909.0,28150.0,28118.0,12973.0,21432.0,18597.0
16693.0,20696.0,25041.0,9910.0,28160.0,28127.0,12984.0,21438.0,18603.0
16698.0,20701.0,25051.0,9914.0,28162.0,28136.0,12992.0,21444.0,18612.0
16702.0,20705.0,25061.0,9916.0,28168.0,28146.0,12999.0,21454.0,18615.0
16709.0,20709.0,25074.0,9918.0,28174.0,28158.0,13009.0,21459.0,18617.0
16717.0,20719.0,25082.0,9923.0,28188.0,28174.0,13020.0,21466.0,18619.0
16720.0,20725.0,25086.0,9924.0,28196.0,28180.0,13025.0,21472.0,18623.0
16725.0,20732.0,25092.0,9927.0,28208.0,28197.0,13032.0,21477.0,18633.0
16734.0,20740.0,25102.0,9930.0,28217.0,28213.0,13036.0,21487.0,18640.0
16738.0,20751.0,25118.0,9932.0,28227.0,28230.0,13050.0,21494.0,18648.0
16750.0,20764.0,25129.0,9934.0,28234.0,28250.0,13064.0,21505.0,18654.0
16758.0,20771.0,25139.0,9937.0,28245.0,28269.0,13082.0,21514.0,18667.0
16763.0,20780.0,25150.0,9940.0,28263.0,28284.0,13095.0,21521.0,18673.0
16773.0,20788.0,25157.0,9943.0,28274.0,28297.0,13107.0,21531.0,18682.0
16782.0,20799.0,25170.0,9946.0,28295.0,28316.0,13119.0,21538.0,18690.0
16793.0,20815.0,25184.0,9949.0,28309.0,28334.0,13138.0,21548.0,18702.0
16802.0,20830.0,25199.0,9952.0,28324.0,28350.0,13153.0,21556.0,18712.0
16811.0,20839.0,25212.0,9956.0,28339.0,28371.0,13168.0,21566.0,18720.0
16818.0,20859.0,25224.0,9963.0,28351.0,28384.0,13190.0,21580.0,18727.0
16829.0,20879.0,25230.0,9965.0,28357.0,28409.0,13206.0,21593.0,18738.0
16838.0,20897.0,25236.0,9968.0,28368.0,28433.0,13222.0,21604.0,18740.0
16853.0,20914.0,25249.0,9973.0,28380.0,28455.0,13240.0,21621.0,18752.0
16866.0,20928.0,25266.0,9981.0,28398.0,28475.0,13255.0,21633.0,18764.0
16872.0,20942.0,25277.0,9984.0,28416.0,28491.0,13270.0,21648.0,18777.0
16887.0,20960.0,25289.0,9991.0,28430.0,28506.0,13286.0,21656.0,18780.0
16893.0,20975.0,25306.0,9997.0,28449.0,28527.0,13297.0,21665.0,18790.0
16899.0,20992.0,25318.0,10002.0,28458.0,28545.0,13317.0,21680.0,18805.0
16909.0,21000.0,25329.0,10009.0,28474.0,28565.0,13334.0,21695.0,18816.0
16916.0,21009.0,25343.0,10011.0,28479.0,28580.0,13349.0,21705.0,18827.0
16922.0,21021.0,25351.0,10018.0,28494.0,28597.0,13358.0,21719.0,18838.0
16932.0,21035.0,25359.0,10024.0,28505.0,28615.0,13374.0,21732.0,18845.0
16939.0,21050.0,25367.0,10032.0,28524.0,28632.0,13385.0,21744.0,18857.0
16948.0,21062.0,25375.0,10037.0,28535.0,28656.0,13390.0,21751.0,18863.0
16951.0,21080.0,25384.0,10040.0,28543.0,28666.0,13395.0,21763.0,18872.0
16958.0,21089.0,25396.0,10049.0,28557.0,28681.0,13407.0,21780.0,18880.0
16968.0,21099.0,25402.0,10052.0,28568.0,28693.0,13418.0,21785.0,18895.0
16982.0,21106.0,25407.0,10062.0,28580.0,28702.0,13428.0,21789.0,18910.0
16987.0,21117.0,25417.0,10067.0,28594.0,28720.0,13432.0,21801.0,18918.0
16995.0,21129.0,25426.0,10072.0,28607.0,28735.0,13442.0,21813.0,18927.0
17003.0,21145.0,25435.0,10075.0,28623.0,28742.0,13449.0,21816.0,18931.0
17011.0,21153.0,25440.0,10080.0,28637.0,28754.0,13454.0,21822.0,18942.0
17019.0,21166.0,25448.0,10083.0,28640.0,28767.0,13461.0,21832.0,18948.0
17024.0,21175.0,25453.0,10087.0,28650.0,28778.0,13466.0,21840.0,18957.0
17030.0,21183.0,25457.0,10092.0,28659.0,28791.0,13469.0,21853.0,18961.0
17034.0,21188.0,25464.0,10094.0,28670.0,28807.0,13472.0,21864.0,18971.0
17038.0,21196.0,25470.0,10099.0,28678.0,28817.0,13476.0,21871.0,18978.0
17044.0,21207.0,25477.0,10104.0,28687.0,28833.0,13479.0,21876.0,18987.0
17052.0,21215.0,25481.0,10105.0,28695.0,28839.0,13487.0,21880.0,18994.0
17056.0,21232.0,25487.0,10107.0,28705.0,28852.0,13490.0,21887.0,18995.0
17062.0,21243.0,25497.0,10108.0,28718.0,28861.0,13492.0,21897.0,19001.0
17069.0,21253.0,25501.0,10114.0,28726.0,28869.0,13496.0,21903.0,19010.0
17076.0,21270.0,25506.0,10117.0,28735.0,28880.0,13501.0,21910.0,19011.0
17079.0,21280.0,25514.0,10121.0,28740.0,28889.0,13505.0,21918.0,19016.0
17081.0,21288.0,25515.0,10124.0,28748.0,28902.0,13509.0,21931.0,19020.0
17084.0,21292.0,25521.0,10127.0,28759.0,28917.0,13511.0,21939.0,19029.0
17089.0,21305.0,25527.0,10129.0,28770.0,28930.0,13517.0,21948.0,19033.0
17094.0,21315.0,25535.0,10131.0,28773.0,28943.0,13525.0,21953.0,19037.0
17096.0,21323.0,25539.0,10137.0,28779.0,28955.0,13529.0,21957.0,19043.0
17099.0,21335.0,25542.0,10138.0,28787.0,28969.0,13536.0,21968.0,19049.0
17105.0,21344.0,25550.0,10138.0,28789.0,28978.0,13539.0,21975.0,19054.0
17110.0,21349.0,25556.0,10141.0,28792.0,28989.0,13546.0,21986.0,19063.0
17114.0,21363.0,25561.0,10147.0,28802.0,28997.0,13550.0,21995.0,19066.0
17118.0,21374.0,25563.0,10151.0,28808.0,29004.0,13554.0,22002.0,19070.0
17130.0,21383.0,25564.0,10161.0,28817.0,29015.0,13556.0,22011.0,19076.0
17138.0,21393.0,25569.0,10166.0,28823.0,29022.0,13559.0,22020.0,19080.0
17141.0,21398.0,25573.0,10172.0,28830.0,29029.0,13566.0,22030.0,19087.0
17142.0,21406.0,25579.0,10177.0,28838.0,29037.0,13570.0,22035.0,19088.0
17148.0,21418.0,25585.0,10177.0,28844.0,29046.0,13578.0,22047.0,19100.0
17151.0,21428.0,25591.0,10181.0,28850.0,29057.0,13583.0,22050.0,19108.0
17159.0,21437.0,25598.0,10189.0,28862.0,29067.0,13586.0,22057.0,19112.0
17167.0,21452.0,25602.0,10193.0,28873.0,29076.0,13595.0,22063.0,19117.0
17177.0,21458.0,25606.0,10198.0,28878.0,29086.0,13606.0,22067.0,19127.0
17183.0,21460.0,25611.0,10200.0,28883.0,29097.0,13612.0,22078.0,19131.0
17189.0,21467.0,25621.0,10204.0,28893.0,29101.0,13620.0,22089.0,19139.0
17194.0,21478.0,25626.0,10208.0,28899.0,29108.0,13628.0,22093.0,19145.0
17199.0,21485.0,25638.0,10212.0,28913.0,29120.0,13638.0,22097.0,19155.0
17203.0,21494.0,25647.0,10220.0,28924.0,29133.0,13643.0,22104.0,19157.0
17212.0,21504.0,25651.0,10226.0,28933.0,29144.0,13647.0,22112.0,19168.0
17222.0,21519.0,25658.0,10230.0,28938.0,29149.0,13654.0,22121.0,19172.0
17232.0,21532.0,25667.0,10231.0,28946.0,29162.0,13662.0,22130.0,19178.0
17239.0,21543.0,25673.0,10238.0,28951.0,29175.0,13673.0,22136.0,19182.0
17246.0,21549.0,25680.0,10244.0,28966.0,29185.0,13676.0,22146.0,19189.0
17257.0,21560.0,25686.0,10247.0,28973.0,29194.0,13681.0,22153.0,19193.0
17265.0,21568.0,25698.0,10256.0,28983.0,29214.0,13685.0,22161.0,19204.0
17271.0,21572.0,25702.0,10257.0,28993.0,29224.0,13690.0,22178.0,19212.0
17280.0,21578.0,25712.0,10267.0,29004.0,29238.0,13695.0,22189.0,19220.0
17292.0,21586.0,25719.0,10270.0,29012.0,29259.0,13702.0,22196.0,19230.0
17299.0,21597.0,25727.0,10276.0,29022.0,29269.0,13711.0,22205.0,19240.0
17310.0,21605.0,25734.0,10279.0,29034.0,29282.0,13722.0,22211.0,19248.0
17315.0,21618.0,25740.0,10282.0,29046.0,29291.0,13731.0,22226.0,19256.0
17325.0,21636.0,25747.0,10288.0,29058.0,29301.0,13736.0,22232.0,19260.0
17337.0,21643.0,25754.0,10293.0,29072.0,29313.0,13741.0,22241.0,19266.0
17347.0,21656.0,25757.0,10296.0,29088.0,29319.0,13752.0,22248.0,19278.0
17353.0,21665.0,25767.0,10301.0,29102.0,29333.0,13760.0,22259.0,19285.0
17363.0,21671.0,25777.0,10304.0,29118.0,29346.0,13770.0,22268.0,19294.0
17370.0,21680.0,25786.0,10310.0,29130.0,29364.0,13778.0,22276.0,19299.0
17377.0,21689.0,25800.0,10316.0,29148.0,29378.0,13784.0,22285.0,19307.0
17388.0,21696.0,25808.0,10319.0,29163.0,29388.0,13796.0,22297.0,19314.0
17397.0,21705.0,25815.0,10324.0,29178.0,29405.0,13800.0,22315.0,19325.0
17410.0,21717.0,25819.0,10332.0,29187.0,29411.0,13814.0,22321.0,19336.0
17414.0,21727.0,25822.0,10337.0,29192.0,29429.0,13827.0,22333.0,19344.0
17422.0,21737.0,25828.0,10341.0,29206.0,29442.0,13835.0,22341.0,19347.0
17433.0,21749.0,25839.0,10345.0,29222.0,29454.0,13846.0,22351.0,19362.0
17439.0,21762.0,25843.0,10350.0,29238.0,29463.0,13855.0,22361.0,19376.0
17452.0,21771.0,25853.0,10354.0,29250.0,29482.0,13862.0,22370.0,19384.0
17461.0,21788.0,25863.0,10357.0,29269.0,29501.0,13867.0,22377.0,19389.0
17468.0,21800.0,25869.0,10365.0,29284.0,29520.0,13877.0,22385.0,19398.0
17473.0,21806.0,25878.0,10370.0,29291.0,29538.0,13881.0,22394.0,19405.0
17481.0,21815.0,25883.0,10377.0,29304.0,29554.0,13888.0,22405.0,19414.0
17493.0,21829.0,25892.0,10381.0,29316.0,29573.0,13901.0,22408.0,19423.0
17498.0,21839.0,25895.0,10388.0,29330.0,29584.0,13911.0,22416.0,19433.0
17506.0,21851.0,25903.0,10392.0,29344.0,29599.0,13920.0,22426.0,19441.0
17513.0,21860.0,25905.0,10394.0,29358.0,29606.0,13926.0,22433.0,19449.0
17519.0,21869.0,25910.0,10395.0,29363.0,29622.0,13930.0,22441.0,19455.0
17524.0,21880.0,25917.0,10396.0,29375.0,29633.0,13934.0,22448.0,19458.0
17533.0,21893.0,25921.0,10403.0,29385.0,29645.0,13942.0,22455.0,19467.0
17539.0,21904.0,25927.0,10412.0,29404.0,29656.0,13950.0,22462.0,19473.0
17542.0,21914.0,25932.0,10417.0,29407.0,29665.0,13954.0,22467.0,19480.0
17548.0,21927.0,25937.0,10422.0,29418.0,29679.0,13965.0,22480.0,19491.0
17553.0,21939.0,25941.0,10427.0,29438.0,29688.0,13971.0,22489.0,19497.0
17560.0,21948.0,25944.0,10434.0,29447.0,29696.0,13977.0,22492.0,19504.0
17561.0,21951.0,25953.0,10439.0,29453.0,29707.0,13983.0,22498.0,19513.0
17567.0,21959.0,25959.0,10442.0,29461.0,29720.0,13989.0,22505.0,19523.0
17572.0,21961.0,25964.0,10444.0,29472.0,29732.0,13999.0,22512.0,19526.0
17581.0,21965.0,25973.0,10451.0,29481.0,29743.0,14006.0,22514.0,19531.0
17591.0,21970.0,25980.0,10459.0,29495.0,29753.0,14013.0,22522.0,19537.0
17598.0,21980.0,25984.0,10463.0,29503.0,29761.0,14021.0,22529.0,19544.0
17600.0,21986.0,25990.0,10468.0,29509.0,29774.0,14026.0,22538.0,19552.0
17604.0,21994.0,25993.0,10472.0,29517.0,29784.0,14030.0,22547.0,19560.0
17606.0,22001.0,25995.0,10477.0,29521.0,29800.0,14031.0,22559.0,19563.0
17609.0,22008.0,26003.0,10479.0,29527.0,29811.0,14036.0,22563.0,19571.0
17614.0,22015.0,26008.0,10481.0,29537.0,29826.0,14039.0,22577.0,19574.0
17622.0,22023.0,26014.0,10483.0,29542.0,29837.0,14042.0,22586.0,19576.0
17631.0,22028.0,26023.0,10486.0,29555.0,29843.0,14052.0,22598.0,19583.0
17636.0,22032.0,26026.0,10489.0,29562.0,29844.0,14058.0,22603.0,19594.0
17643.0,22037.0,26030.0,10495.0,29570.0,29854.0,14064.0,22607.0,19598.0
17646.0,22044.0,26034.0,10498.0,29577.0,29861.0,14068.0,22612.0,19599.0
17654.0,22050.0,26038.0,10498.0,29582.0,29868.0,14072.0,22620.0,19602.0
17660.0,22061.0,26043.0,10502.0,29588.0,29876.0,14076.0,22627.0,19602.0
17664.0,22068.0,26046.0,10506.0,29594.0,29881.0,14080.0,22629.0,19609.0
17669.0,22072.0,26051.0,10506.0,29598.0,29889.0,14086.0,22634.0,19612.0
17673.0,22081.0,26052.0,10506.0,29606.0,29896.0,14088.0,22641.0,19615.0
17679.0,22084.0,26057.0,10510.0,29606.0,29903.0,14091.0,22643.0,19619.0
17680.0,22092.0,26063.0,10513.0,29615.0,29909.0,14096.0,22644.0,19625.0
17684.0,22099.0,26065.0,10518.0,29622.0,29914.0,14101.0,22650.0,19628.0
17685.0,22107.0,26069.0,10521.0,29626.0,29923.0,14105.0,22653.0,19636.0
17689.0,22112.0,26071.0,10524.0,29638.0,29929.0,14110.0,22654.0,19640.0
17692.0,22118.0,26076.0,10527.0,29644.0,29934.0,14112.0,22661.0,19642.0
17694.0,22124.0,26082.0,10529.0,29647.0,29940.0,14115.0,22666.0,19646.0
17696.0,22130.0,26083.0,10530.0,29654.0,29951.0,14119.0,22672.0,19653.0
17698.0,22133.0,26085.0,10535.0,29659.0,29957.0,14120.0,22679.0,19657.0
17703.0,22141.0,26086.0,10537.0,29662.0,29960.0,14122.0,22684.0,19660.0
17707.0,22147.0,26093.0,10540.0,29663.0,29966.0,14124.0,22686.0,19664.0
17712.0,22150.0,26095.0,10545.0,29670.0,29976.0,14127.0,22693.0,19668.0
17719.0,22151.0,26100.0,10547.0,29675.0,29981.0,14133.0,22700.0,19671.0
17722.0,22155.0,26101.0,10549.0,29679.0,29984.0,14136.0,22702.0,19676.0
17724.0,22158.0,26103.0,10550.0,29684.0,29991.0,14139.0,22703.0,19678.0
17727.0,22162.0,26106.0,10550.0,29687.0,29995.0,14143.0,22708.0,19680.0
17733.0,22167.0,26107.0,10554.0,29696.0,30000.0,14146.0,22713.0,19685.0
17737.0,22175.0,26111.0,10557.0,29701.0,30004.0,14153.0,22722.0,19688.0
17738.0,22181.0,26113.0,10559.0,29709.0,30008.0,14155.0,22727.0,19690.0
17744.0,22187.0,26120.0,10560.0,29712.0,30014.0,14161.0,22731.0,19693.0
17752.0,22187.0,26125.0,10562.0,29714.0,30017.0,14162.0,22733.0,19695.0
17754.0,22190.0,26128.0,10562.0,29718.0,30021.0,14165.0,22736.0,19697.0
17757.0,22197.0,26133.0,10565.0,29723.0,30023.0,14168.0,22741.0,19699.0
17763.0,22201.0,26137.0,10567.0,29728.0,30025.0,14171.0,22742.0,19702.0
17763.0,22204.0,26137.0,10568.0,29736.0,30029.0,14173.0,22746.0,19710.0
17767.0,22205.0,26140.0,10569.0,29739.0,30029.0,14178.0,22749.0,19711.0
17771.0,22208.0,26147.0,10572.0,29742.0,30035.0,14178.0,22751.0,19716.0
17775.0,22215.0,26148.0,10573.0,29746.0,30040.0,14179.0,22755.0,19720.0
17780.0,22215.0,26150.0,10575.0,29750.0,30046.0,14181.0,22755.0,19720.0
17784.0,22216.0,26153.0,10575.0,29752.0,30050.0,14183.0,22761.0,19720.0
17787.0,22217.0,26155.0,10576.0,29755.0,30057.0,14189.0,22763.0,19724.0
17788.0,22217.0,26158.0,10577.0,29756.0,30063.0,14190.0,22766.0,19728.0
17789.0,22222.0,26160.0,10579.0,29760.0,30068.0,14194.0,22769.0,19731.0
17794.0,22223.0,26165.0,10579.0,29762.0,30069.0,14194.0,22772.0,19734.0
17797.0,22226.0,26170.0,10579.0,29765.0,30073.0,14195.0,22779.0,19738.0
17801.0,22227.0,26172.0,10580.0,29766.0,30080.0,14199.0,22782.0,19739.0
17803.0,22229.0,26173.0,10582.0,29769.0,30082.0,14201.0,22785.0,19740.0
17805.0,22231.0,26177.0,10584.0,29774.0,30086.0,14201.0,22786.0,19741.0
17808.0,22233.0,26179.0,10586.0,29780.0,30088.0,14201.0,22786.0,19743.0
17808.0,22237.0,26181.0,10588.0,29783.0,30091.0,14203.0,22789.0,19746.0
17810.0,22242.0,26182.0,10588.0,29787.0,30096.0,14204.0,22790.0,19746.0
17813.0,22246.0,26182.0,10589.0,29787.0,30099.0,14206.0,22792.0,19751.0
17814.0,22249.0,26186.0,10591.0,29793.0,30103.0,14209.0,22794.0,19753.0
17818.0,22254.0,26189.0,10592.0,29795.0,30106.0,14209.0,22796.0,19758.0
17820.0,22261.0,26190.0,10593.0,29799.0,30110.0,14209.0,22796.0,19761.0
17822.0,22263.0,26191.0,10594.0,29803.0,30118.0,14210.0,22798.0,19762.0
17823.0,22263.0,26192.0,10596.0,29805.0,30125.0,14213.0,22800.0,19764.0
17824.0,22266.0,26195.0,10597.0,29805.0,30131.0,14214.0,22803.0,19765.0
17827.0,22268.0,26197.0,10598.0,29806.0,30132.0,14216.0,22803.0,19767.0
17830.0,22270.0,26197.0,10598.0,29806.0,30133.0,14218.0,22805.0,19771.0
17831.0,22274.0,26200.0,10598.0,29807.0,30138.0,14219.0,22806.0,19771.0
17835.0,22277.0,26202.0,10598.0,29808.0,30142.0,14220.0,22806.0,19774.0
17837.0,22279.0,26202.0,10598.0,29812.0,30144.0,14221.0,22808.0,19775.0
17838.0,22280.0,26203.0,10599.0,29813.0,30146.0,14221.0,22809.0,19776.0
17838.0,22282.0,26203.0,10599.0,29816.0,30147.0,14224.0,22811.0,19776.0
17839.0,22282.0,26204.0,10599.0,29818.0,30151.0,14224.0,22811.0,19779.0
17842.0,22284.0,26207.0,10600.0,29820.0,30153.0,14225.0,22812.0,19783.0
17842.0,22287.0,26208.0,10601.0,29822.0,30155.0,14226.0,22812.0,19783.0
17843.0,22287.0,26209.0,10604.0,29822.0,30159.0,14227.0,22813.0,19785.0
17843.0,22287.0,26210.0,10604.0,29823.0,30161.0,14228.0,22813.0,19785.0
17843.0,22287.0,26211.0,10604.0,29826.0,30163.0,14231.0,22814.0,19786.0
17844.0,22288.0,26214.0,10608.0,29828.0,30167.0,14231.0,22814.0,19788.0
17845.0,22290.0,26215.0,10608.0,29828.0,30167.0,14234.0,22814.0,19790.0
17845.0,22291.0,26218.0,10608.0,29830.0,30169.0,14235.0,22815.0,19792.0
17845.0,22292.0,26220.0,10608.0,29830.0,30171.0,14235.0,22816.0,19793.0
17846.0,22292.0,26221.0,10609.0,29833.0,30172.0,14235.0,22817.0,19793.0
17848.0,22293.0,26222.0,10609.0,29835.0,30174.0,14236.0,22819.0,19793.0
17850.0,22295.0,26222.0,10609.0,29836.0,30176.0,14237.0,22822.0,19794.0
17852.0,22296.0,26223.0,10610.0,29836.0,30176.0,14237.0,22823.0,19795.0
17852.0,22296.0,26224.0,10610.0,29836.0,30178.0,14238.0,22823.0,19796.0
17852.0,22296.0,26224.0,10610.0,29836.0,30179.0,14240.0,22824.0,19798.0
17852.0,22297.0,26226.0,10610.0,29836.0,30183.0,14241.0,22826.0,19798.0
17853.0,22299.0,26226.0,10611.0,29837.0,30184.0,14241.0,22826.0,19799.0
17853.0,22302.0,26226.0,10611.0,29837.0,30185.0,14241.0,22828.0,19799.0
17855.0,22302.0,26228.0,10613.0,29837.0,30189.0,14242.0,22828.0,19799.0
17855.0,22302.0,26228.0,10614.0,29837.0,30190.0,14243.0,22828.0,19799.0
17856.0,22303.0,26228.0,10614.0,29837.0,30191.0,14245.0,22828.0,19800.0
17856.0,22304.0,26229.0,10614.0,29837.0,30194.0,14245.0,22829.0,19801.0
17856.0,22306.0,26229.0,10615.0,29837.0,30194.0,14246.0,22830.0,19802.0
17857.0,22307.0,26229.0,10615.0,29837.0,30195.0,14247.0,22832.0,19804.0
17859.0,22311.0,26229.0,10615.0,29837.0,30199.0,14248.0,22833.0,19804.0
17859.0,22312.0,26229.0,10615.0,29838.0,30199.0,14248.0,22834.0,19804.0
17859.0,22312.0,26230.0,10615.0,29841.0,30201.0,14249.0,22834.0,19806.0
17859.0,22313.0,26231.0,10615.0,29842.0,30201.0,14250.0,22834.0,19807.0
17859.0,22314.0,26232.0,10615.0,29842.0,30204.0,14252.0,22835.0,19809.0
17859.0,22316.0,26233.0,10616.0,29842.0,30204.0,14253.0,22837.0,19809.0
17860.0,22316.0,26233.0,10617.0,29845.0,30206.0,14254.0,22838.0,19809.0
17861.0,22317.0,26235.0,10620.0,29846.0,30206.0,14255.0,22839.0,19813.0
17862.0,22317.0,26236.0,10620.0,29847.0,30207.0,14256.0,22840.0,19817.0
17862.0,22318.0,26237.0,10622.0,29850.0,30208.0,14256.0,22843.0,19820.0
17864.0,22319.0,26239.0,10622.0,29851.0,30208.0,14257.0,22845.0,19820.0
17865.0,22320.0,26239.0,10622.0,29851.0,30209.0,14258.0,22846.0,19821.0
17865.0,22321.0,26242.0,10623.0,29851.0,30211.0,14261.0,22846.0,19824.0
17865.0,22324.0,26243.0,10624.0,29853.0,30212.0,14265.0,22848.0,19826.0
17865.0,22328.0,26243.0,10625.0,29856.0,30213.0,14267.0,22850.0,19827.0
17865.0,22332.0,26244.0,10625.0,29857.0,30213.0,14267.0,22852.0,19829.0
17867.0,22333.0,26244.0,10625.0,29859.0,30216.0,14267.0,22853.0,19830.0
17868.0,22336.0,26246.0,10627.0,29861.0,30217.0,14268.0,22856.0,19830.0
17869.0,22337.0,26248.0,10629.0,29864.0,30219.0,14269.0,22857.0,19832.0
17870.0,22338.0,26248.0,10630.0,29865.0,30222.0,14269.0,22859.0,19832.0
17873.0,22339.0,26249.0,10630.0,29867.0,30225.0,14271.0,22859.0,19832.0
17874.0,22340.0,26250.0,10631.0,29868.0,30227.0,14271.0,22862.0,19834.0
17875.0,22345.0,26251.0,10635.0,29872.0,30229.0,14275.0,22865.0,19840.0
17880.0,22351.0,26252.0,10635.0,29873.0,30230.0,14278.0,22865.0,19841.0
17883.0,22355.0,26252.0,10636.0,29879.0,30235.0,14280.0,22866.0,19845.0
17884.0,22357.0,26252.0,10636.0,29881.0,30236.0,14283.0,22867.0,19850.0
17885.0,22361.0,26253.0,10638.0,29883.0,30239.0,14284.0,22869.0,19854.0
17886.0,22362.0,26254.0,10640.0,29885.0,30241.0,14285.0,22872.0,19854.0
17887.0,22367.0,26254.0,10642.0,29886.0,30246.0,14288.0,22875.0,19856.0
17888.0,22370.0,26256.0,10643.0,29890.0,30253.0,14290.0,22877.0,19859.0
17889.0,22374.0,26256.0,10647.0,29892.0,30257.0,14294.0,22879.0,19861.0
17895.0,22378.0,26258.0,10648.0,29894.0,30263.0,14298.0,22883.0,19866.0
17897.0,22380.0,26259.0,10649.0,29897.0,30271.0,14299.0,22886.0,19869.0
17900.0,22381.0,26265.0,10650.0,29899.0,30275.0,14302.0,22887.0,19872.0
17903.0,22382.0,26269.0,10650.0,29901.0,30280.0,14307.0,22888.0,19874.0
17903.0,22384.0,26271.0,10650.0,29904.0,30285.0,14312.0,22888.0,19876.0
17905.0,22386.0,26273.0,10651.0,29911.0,30291.0,14315.0,22889.0,19876.0
17907.0,22392.0,26275.0,10652.0,29915.0,30295.0,14316.0,22891.0,19880.0
17908.0,22397.0,26275.0,10655.0,29919.0,30297.0,14318.0,22893.0,19880.0
17914.0,22398.0,26276.0,10655.0,29922.0,30301.0,14322.0,22898.0,19883.0
17917.0,22400.0,26278.0,10655.0,29924.0,30305.0,14324.0,22901.0,19883.0
17918.0,22405.0,26279.0,10655.0,29928.0,30310.0,14327.0,22904.0,19884.0
17920.0,22409.0,26283.0,10658.0,29934.0,30311.0,14330.0,22908.0,19885.0
17921.0,22413.0,26284.0,10660.0,29934.0,30314.0,14335.0,22910.0,19886.0
17923.0,22414.0,26285.0,10661.0,29937.0,30320.0,14338.0,22912.0,19887.0
17926.0,22421.0,26285.0,10661.0,29942.0,30325.0,14341.0,22916.0,19888.0
17929.0,22426.0,26286.0,10664.0,29948.0,30329.0,14347.0,22920.0,19890.0
17935.0,22427.0,26290.0,10665.0,29950.0,30333.0,14351.0,22923.0,19891.0
17936.0,22433.0,26297.0,10666.0,29957.0,30337.0,14355.0,22924.0,19895.0
17938.0,22436.0,26301.0,10668.0,29962.0,30343.0,14358.0,22929.0,19903.0
17941.0,22438.0,26304.0,10668.0,29964.0,30351.0,14363.0,22931.0,19908.0
17944.0,22442.0,26307.0,10672.0,29970.0,30357.0,14371.0,22936.0,19912.0
17946.0,22444.0,26310.0,10674.0,29973.0,30367.0,14372.0,22943.0,19916.0
17951.0,22449.0,26316.0,10676.0,29978.0,30371.0,14378.0,22947.0,19919.0
17953.0,22452.0,26318.0,10679.0,29978.0,30376.0,14382.0,22955.0,19922.0
17955.0,22456.0,26320.0,10683.0,29984.0,30379.0,14384.0,22960.0,19927.0
17958.0,22459.0,26323.0,10687.0,29987.0,30386.0,14385.0,22966.0,19932.0
17960.0,22465.0,26325.0,10689.0,29988.0,30392.0,14393.0,22969.0,19938.0
17962.0,22469.0,26330.0,10691.0,29994.0,30396.0,14397.0,22974.0,19939.0
17964.0,22472.0,26331.0,10693.0,30000.0,30398.0,14398.0,22975.0,19940.0
17966.0,22475.0,26335.0,10695.0,30007.0,30402.0,14400.0,22979.0,19942.0
17967.0,22478.0,26343.0,10698.0,30012.0,30407.0,14403.0,22982.0,19946.0
17969.0,22480.0,26349.0,10700.0,30020.0,30415.0,14403.0,22985.0,19946.0
17975.0,22483.0,26351.0,10702.0,30025.0,30419.0,14409.0,22986.0,19949.0
17977.0,22486.0,26354.0,10705.0,30026.0,30426.0,14414.0,22989.0,19952.0
17981.0,22490.0,26357.0,10706.0,30028.0,30432.0,14416.0,22992.0,19956.0
17983.0,22492.0,26360.0,10707.0,30031.0,30437.0,14418.0,22995.0,19961.0
17988.0,22496.0,26363.0,10708.0,30033.0,30442.0,14421.0,22999.0,19964.0
17994.0,22498.0,26364.0,10709.0,30038.0,30451.0,14422.0,23003.0,19967.0
17997.0,22501.0,26368.0,10709.0,30040.0,30456.0,14425.0,23005.0,19967.0
17997.0,22505.0,26371.0,10711.0,30049.0,30461.0,14431.0,23014.0,19975.0
18000.0,22510.0,26378.0,10714.0,30053.0,30469.0,14439.0,23017.0,19978.0
18004.0,22515.0,26378.0,10715.0,30060.0,30473.0,14443.0,23023.0,19982.0
18009.0,22520.0,26382.0,10717.0,30067.0,30478.0,14447.0,23027.0,19985.0
18015.0,22521.0,26388.0,10720.0,30070.0,30490.0,14452.0,23032.0,19987.0
18016.0,22527.0,26391.0,10722.0,30075.0,30494.0,14461.0,23038.0,19991.0
18018.0,22532.0,26394.0,10724.0,30079.0,30498.0,14463.0,23045.0,19994.0
18020.0,22538.0,26399.0,10725.0,30083.0,30504.0,14466.0,23052.0,20000.0
18027.0,22544.0,26400.0,10727.0,30091.0,30511.0,14469.0,23056.0,20003.0
18030.0,22551.0,26404.0,10732.0,30099.0,30516.0,14474.0,23062.0,20010.0
18036.0,22556.0,26405.0,10733.0,30108.0,30529.0,14477.0,23069.0,20015.0
18043.0,22560.0,26410.0,10738.0,30111.0,30533.0,14479.0,23077.0,20021.0
18047.0,22564.0,26414.0,10740.0,30119.0,30540.0,14481.0,23079.0,20024.0
18051.0,22567.0,26417.0,10745.0,30123.0,30546.0,14486.0,23082.0,20030.0
18057.0,22575.0,26419.0,10749.0,30134.0,30556.0,14494.0,23084.0,20032.0
18062.0,22580.0,26422.0,10751.0,30142.0,30559.0,14500.0,23089.0,20036.0
18066.0,22585.0,26423.0,10753.0,30145.0,30568.0,14502.0,23091.0,20038.0
18072.0,22588.0,26426.0,10755.0,30149.0,30575.0,14510.0,23096.0,20042.0
18081.0,22590.0,26429.0,10757.0,30153.0,30582.0,14515.0,23104.0,20050.0
18085.0,22594.0,26433.0,10758.0,30159.0,30586.0,14520.0,23110.0,20056.0
18095.0,22597.0,26440.0,10761.0,30168.0,30592.0,14524.0,23114.0,20061.0
18100.0,22604.0,26445.0,10765.0,30172.0,30599.0,14526.0,23122.0,20064.0
18104.0,22612.0,26447.0,10767.0,30181.0,30608.0,14531.0,23125.0,20070.0
18108.0,22617.0,26450.0,10769.0,30185.0,30619.0,14534.0,23132.0,20077.0
18115.0,22621.0,26454.0,10771.0,30191.0,30626.0,14541.0,23133.0,20082.0
18119.0,22625.0,26456.0,10771.0,30196.0,30638.0,14545.0,23135.0,20084.0
18123.0,22628.0,26459.0,10774.0,30202.0,30642.0,14549.0,23145.0,20086.0
18128.0,22633.0,26461.0,10778.0,30207.0,30649.0,14556.0,23149.0,20087.0
18133.0,22642.0,26467.0,10780.0,30215.0,30654.0,14562.0,23153.0,20096.0
18136.0,22647.0,26469.0,10780.0,30220.0,30662.0,14568.0,23157.0,20098.0
18142.0,22654.0,26475.0,10783.0,30227.0,30668.0,14574.0,23163.0,20100.0
18144.0,22658.0,26478.0,10786.0,30232.0,30675.0,14576.0,23167.0,20108.0
18147.0,22664.0,26482.0,10790.0,30237.0,30694.0,14581.0,23177.0,20111.0
18152.0,22674.0,26486.0,10790.0,30241.0,30700.0,14585.0,23181.0,20115.0
18158.0,22676.0,26488.0,10793.0,30254.0,30704.0,14588.0,23184.0,20120.0
18163.0,22683.0,26494.0,10796.0,30261.0,30708.0,14594.0,23189.0,20123.0
18167.0,22685.0,26496.0,10799.0,30265.0,30717.0,14597.0,23194.0,20127.0
18171.0,22694.0,26499.0,10800.0,30275.0,30720.0,14605.0,23197.0,20130.0
18175.0,22700.0,26503.0,10803.0,30279.0,30726.0,14608.0,23198.0,20132.0
18178.0,22706.0,26509.0,10808.0,30284.0,30733.0,14613.0,23206.0,20134.0
18182.0,22713.0,26510.0,10812.0,30286.0,30739.0,14617.0,23210.0,20136.0
18185.0,22719.0,26511.0,10813.0,30292.0,30746.0,14620.0,23212.0,20138.0
18186.0,22721.0,26513.0,10817.0,30295.0,30747.0,14625.0,23217.0,20141.0
18192.0,22726.0,26519.0,10821.0,30297.0,30754.0,14625.0,23223.0,20149.0
18197.0,22730.0,26520.0,10823.0,30303.0,30760.0,14628.0,23231.0,20152.0
18199.0,22736.0,26521.0,10823.0,30305.0,30766.0,14633.0,23236.0,20153.0
18199.0,22738.0,26526.0,10825.0,30310.0,30767.0,14634.0,23240.0,20153.0
18201.0,22740.0,26529.0,10828.0,30315.0,30770.0,14634.0,23243.0,20157.0
18205.0,22743.0,26530.0,10828.0,30323.0,30776.0,14635.0,23246.0,20158.0
18205.0,22746.0,26532.0,10830.0,30326.0,30780.0,14636.0,23250.0,20159.0
18207.0,22748.0,26535.0,10832.0,30328.0,30782.0,14639.0,23250.0,20162.0
18211.0,22748.0,26537.0,10834.0,30330.0,30786.0,14641.0,23252.0,20168.0
18212.0,22753.0,26537.0,10840.0,30333.0,30788.0,14643.0,23255.0,20169.0
18214.0,22759.0,26539.0,10841.0,30335.0,30791.0,14645.0,23260.0,20170.0
18215.0,22762.0,26543.0,10842.0,30337.0,30795.0,14648.0,23264.0,20173.0
18218.0,22764.0,26545.0,10844.0,30340.0,30800.0,14650.0,23265.0,20174.0
18221.0,22766.0,26545.0,10845.0,30342.0,30802.0,14654.0,23266.0,20177.0
18224.0,22768.0,26547.0,10845.0,30346.0,30807.0,14658.0,23270.0,20180.0
18226.0,22770.0,26551.0,10846.0,30349.0,30817.0,14660.0,23273.0,20183.0
18229.0,22771.0,26554.0,10850.0,30351.0,30821.0,14661.0,23277.0,20186.0
18230.0,22773.0,26555.0,10851.0,30353.0,30824.0,14662.0,23281.0,20188.0
18234.0,22777.0,26556.0,10853.0,30357.0,30828.0,14663.0,23283.0,20191.0
18234.0,22780.0,26559.0,10853.0,30360.0,30831.0,14665.0,23286.0,20192.0
18235.0,22782.0,26566.0,10854.0,30364.0,30834.0,14667.0,23290.0,20195.0
18238.0,22785.0,26573.0,10855.0,30368.0,30837.0,14669.0,23293.0,20195.0
18243.0,22792.0,26579.0,10856.0,30369.0,30842.0,14670.0,23295.0,20196.0
18244.0,22794.0,26582.0,10857.0,30372.0,30846.0,14672.0,23298.0,20197.0
18245.0,22801.0,26584.0,10857.0,30375.0,30849.0,14674.0,23299.0,20202.0
18247.0,22807.0,26585.0,10858.0,30375.0,30856.0,14676.0,23302.0,20202.0
18249.0,22809.0,26589.0,10858.0,30378.0,30862.0,14680.0,23306.0,20205.0
18249.0,22812.0,26594.0,10859.0,30380.0,30871.0,14684.0,23310.0,20207.0
18250.0,22816.0,26597.0,10860.0,30385.0,30876.0,14686.0,23314.0,20207.0
18252.0,22818.0,26598.0,10863.0,30387.0,30891.0,14689.0,23317.0,20208.0
18255.0,22819.0,26601.0,10863.0,30390.0,30898.0,14691.0,23319.0,20209.0
18257.0,22825.0,26607.0,10867.0,30394.0,30904.0,14692.0,23319.0,20210.0
18261.0,22829.0,26609.0,10869.0,30395.0,30915.0,14694.0,23321.0,20213.0
18265.0,22833.0,26614.0,10870.0,30399.0,30921.0,14694.0,23332.0,20214.0
18267.0,22837.0,26618.0,10875.0,30402.0,30926.0,14698.0,23336.0,20216.0
18269.0,22840.0,26621.0,10876.0,30402.0,30934.0,14700.0,23337.0,20219.0
18272.0,22846.0,26630.0,10877.0,30405.0,30943.0,14703.0,23338.0,20221.0
18274.0,22846.0,26636.0,10879.0,30411.0,30949.0,14707.0,23340.0,20226.0
18276.0,22851.0,26643.0,10880.0,30414.0,30956.0,14708.0,23341.0,20227.0
18277.0,22855.0,26648.0,10882.0,30416.0,30964.0,14708.0,23342.0,20228.0
18279.0,22856.0,26652.0,10885.0,30420.0,30969.0,14709.0,23348.0,20235.0
18282.0,22864.0,26657.0,10889.0,30427.0,30975.0,14710.0,23351.0,20236.0
18286.0,22869.0,26658.0,10892.0,30431.0,30980.0,14711.0,23355.0,20242.0
18287.0,22871.0,26661.0,10894.0,30435.0,30985.0,14711.0,23364.0,20244.0
18293.0,22875.0,26668.0,10896.0,30439.0,30990.0,14711.0,23364.0,20248.0
18294.0,22876.0,26670.0,10898.0,30441.0,30993.0,14714.0,23365.0,20253.0
18296.0,22876.0,26678.0,10900.0,30443.0,30998.0,14718.0,23366.0,20253.0
18298.0,22881.0,26681.0,10903.0,30444.0,31004.0,14721.0,23369.0,20254.0
18298.0,22882.0,26684.0,10903.0,30447.0,31006.0,14722.0,23370.0,20255.0
18300.0,22882.0,26687.0,10904.0,30450.0,31009.0,14722.0,23372.0,20256.0
18300.0,22882.0,26688.0,10904.0,30452.0,31009.0,14722.0,23374.0,20256.0
18303.0,22887.0,26698.0,10904.0,30457.0,31013.0,14728.0,23376.0,20261.0
18306.0,22892.0,26705.0,10906.0,30462.0,31023.0,14729.0,23382.0,20267.0
18310.0,22901.0,26713.0,10909.0,30469.0,31029.0,14734.0,23385.0,20271.0
18316.0,22906.0,26721.0,10913.0,30473.0,31035.0,14740.0,23389.0,20274.0
18317.0,22914.0,26727.0,10913.0,30482.0,31041.0,14743.0,23392.0,20278.0
18317.0,22919.0,26732.0,10915.0,30486.0,31052.0,14746.0,23394.0,20281.0
18317.0,22922.0,26740.0,10915.0,30488.0,31057.0,14749.0,23398.0,20282.0
18321.0,22924.0,26742.0,10916.0,30494.0,31059.0,14751.0,23405.0,20282.0
18323.0,22924.0,26747.0,10916.0,30498.0,31061.0,14753.0,23408.0,20285.0
18326.0,22924.0,26750.0,10917.0,30504.0,31063.0,14756.0,23410.0,20286.0
18326.0,22927.0,26755.0,10918.0,30506.0,31063.0,14758.0,23412.0,20288.0
18326.0,22927.0,26756.0,10918.0,30507.0,31063.0,14758.0,23415.0,20289.0
18326.0,22927.0,26757.0,10918.0,30507.0,31064.0,14758.0,23415.0,20289.0
18326.0,22927.0,26757.0,10918.0,30507.0,31064.0,14758.0,23415.0,20289.0
